{"type": "FeatureCollection", "features": [{"type": "Feature", "geometry": {"type": "Polygon", "coordinates": [[[-118.5217798, 34.2416895], [-118.5217083, 34.2416956], [-118.5217045, 34.2416644], [-118.521776, 34.2416584], [-118.5217798, 34.2416895]]]}, "properties": {"tile_id": "103001010C12B000_031311102120_r000_c000", "class": "small-vehicle", "score": 0.623, "long_side_px": 21.7, "heading_deg": 175.0}}, {"type": "Feature", "geometry": {"type": "Polygon", "coordinates": [[[-118.5200714, 34.2418047], [-118.5200371, 34.2418039], [-118.5200391, 34.241748], [-118.5200733, 34.2417488], [-118.5200714, 34.2418047]]]}, "properties": {"tile_id": "103001010C12B000_031311102120_r000_c000", "class": "small-vehicle", "score": 0.595, "long_side_px": 20.3, "heading_deg": 92.5}}, {"type": "Feature", "geometry": {"type": "Polygon", "coordinates": [[[-118.5167258, 34.240833], [-118.5166888, 34.2408313], [-118.5166927, 34.2407717], [-118.5167297, 34.2407734], [-118.5167258, 34.240833]]]}, "properties": {"tile_id": "103001010C12B000_031311102120_r000_c001", "class": "small-vehicle", "score": 0.674, "long_side_px": 21.7, "heading_deg": 94.0}}, {"type": "Feature", "geometry": {"type": "Polygon", "coordinates": [[[-118.5156581, 34.2416484], [-118.5156153, 34.2416827], [-118.5155941, 34.2416644], [-118.5156369, 34.2416302], [-118.5156581, 34.2416484]]]}, "properties": {"tile_id": "103001010C12B000_031311102120_r000_c001", "class": "small-vehicle", "score": 0.606, "long_side_px": 18.0, "heading_deg": 136.9}}, {"type": "Feature", "geometry": {"type": "Polygon", "coordinates": [[[-118.5126396, 34.2407108], [-118.5126015, 34.2407115], [-118.5125999, 34.240651], [-118.512638, 34.2406503], [-118.5126396, 34.2407108]]]}, "properties": {"tile_id": "103001010C12B000_031311102120_r000_c002", "class": "small-vehicle", "score": 0.551, "long_side_px": 22.0, "heading_deg": 89.5}}, {"type": "Feature", "geometry": {"type": "Polygon", "coordinates": [[[-118.5140513, 34.2430487], [-118.5139772, 34.2430476], [-118.5139779, 34.2430146], [-118.514052, 34.2430157], [-118.5140513, 34.2430487]]]}, "properties": {"tile_id": "103001010C12B000_031311102120_r000_c002", "class": "small-vehicle", "score": 0.541, "long_side_px": 22.4, "heading_deg": 1.8}}, {"type": "Feature", "geometry": {"type": "Polygon", "coordinates": [[[-118.510985, 34.2431349], [-118.5109042, 34.2431357], [-118.5109037, 34.2431002], [-118.5109845, 34.2430994], [-118.510985, 34.2431349]]]}, "properties": {"tile_id": "103001010C12B000_031311102120_r000_c003", "class": "small-vehicle", "score": 0.626, "long_side_px": 24.4, "heading_deg": 0.2}}, {"type": "Feature", "geometry": {"type": "Polygon", "coordinates": [[[-118.5113247, 34.2405156], [-118.5112896, 34.240518], [-118.5112835, 34.2404548], [-118.5113185, 34.2404525], [-118.5113247, 34.2405156]]]}, "properties": {"tile_id": "103001010C12B000_031311102120_r000_c003", "class": "small-vehicle", "score": 0.596, "long_side_px": 23.0, "heading_deg": 86.2}}, {"type": "Feature", "geometry": {"type": "Polygon", "coordinates": [[[-118.5080919, 34.2418427], [-118.5080163, 34.2418387], [-118.5080189, 34.2418055], [-118.5080944, 34.2418095], [-118.5080919, 34.2418427]]]}, "properties": {"tile_id": "103001010C12B000_031311102120_r000_c004", "class": "ship", "score": 0.619, "long_side_px": 22.8, "heading_deg": 4.5}}, {"type": "Feature", "geometry": {"type": "Polygon", "coordinates": [[[-118.507054, 34.2430285], [-118.5069692, 34.2430283], [-118.5069693, 34.2429972], [-118.5070541, 34.2429974], [-118.507054, 34.2430285]]]}, "properties": {"tile_id": "103001010C12B000_031311102120_r000_c004", "class": "ship", "score": 0.57, "long_side_px": 25.6, "heading_deg": 1.0}}, {"type": "Feature", "geometry": {"type": "Polygon", "coordinates": [[[-118.5066369, 34.2431075], [-118.5065731, 34.243106], [-118.506574, 34.2430775], [-118.5066379, 34.243079], [-118.5066369, 34.2431075]]]}, "properties": {"tile_id": "103001010C12B000_031311102120_r000_c004", "class": "small-vehicle", "score": 0.527, "long_side_px": 19.3, "heading_deg": 2.5}}, {"type": "Feature", "geometry": {"type": "Polygon", "coordinates": [[[-118.5025411, 34.2426361], [-118.5024967, 34.2426295], [-118.5025107, 34.2425638], [-118.5025551, 34.2425703], [-118.5025411, 34.2426361]]]}, "properties": {"tile_id": "103001010C12B000_031311102120_r000_c005", "class": "small-vehicle", "score": 0.611, "long_side_px": 24.3, "heading_deg": 100.9}}, {"type": "Feature", "geometry": {"type": "Polygon", "coordinates": [[[-118.5025791, 34.2413017], [-118.5025376, 34.2412999], [-118.5025414, 34.2412377], [-118.5025828, 34.2412394], [-118.5025791, 34.2413017]]]}, "properties": {"tile_id": "103001010C12B000_031311102120_r000_c005", "class": "small-vehicle", "score": 0.589, "long_side_px": 22.7, "heading_deg": 93.7}}, {"type": "Feature", "geometry": {"type": "Polygon", "coordinates": [[[-118.500706, 34.2419894], [-118.5006692, 34.241987], [-118.5006747, 34.241929], [-118.5007115, 34.2419315], [-118.500706, 34.2419894]]]}, "properties": {"tile_id": "103001010C12B000_031311102120_r000_c006", "class": "small-vehicle", "score": 0.578, "long_side_px": 21.1, "heading_deg": 95.4}}, {"type": "Feature", "geometry": {"type": "Polygon", "coordinates": [[[-118.5011176, 34.2430457], [-118.5010388, 34.2430451], [-118.5010391, 34.2430111], [-118.501118, 34.2430117], [-118.5011176, 34.2430457]]]}, "properties": {"tile_id": "103001010C12B000_031311102120_r000_c006", "class": "small-vehicle", "score": 0.56, "long_side_px": 23.8, "heading_deg": 1.4}}, {"type": "Feature", "geometry": {"type": "Polygon", "coordinates": [[[-118.4936701, 34.2423504], [-118.493628, 34.2423487], [-118.4936319, 34.2422808], [-118.493674, 34.2422824], [-118.4936701, 34.2423504]]]}, "properties": {"tile_id": "103001010C12B000_031311102120_r000_c008", "class": "small-vehicle", "score": 0.615, "long_side_px": 24.7, "heading_deg": 93.5}}, {"type": "Feature", "geometry": {"type": "Polygon", "coordinates": [[[-118.493833, 34.2414241], [-118.4937948, 34.2414236], [-118.4937959, 34.2413621], [-118.4938342, 34.2413626], [-118.493833, 34.2414241]]]}, "properties": {"tile_id": "103001010C12B000_031311102120_r000_c008", "class": "small-vehicle", "score": 0.545, "long_side_px": 22.4, "heading_deg": 91.7}}, {"type": "Feature", "geometry": {"type": "Polygon", "coordinates": [[[-118.4927063, 34.2409311], [-118.4926718, 34.2409297], [-118.4926752, 34.2408724], [-118.4927097, 34.2408739], [-118.4927063, 34.2409311]]]}, "properties": {"tile_id": "103001010C12B000_031311102120_r000_c008", "class": "small-vehicle", "score": 0.535, "long_side_px": 20.8, "heading_deg": 93.7}}, {"type": "Feature", "geometry": {"type": "Polygon", "coordinates": [[[-118.4879711, 34.2430157], [-118.4878909, 34.2430159], [-118.4878908, 34.2429826], [-118.4879709, 34.2429824], [-118.4879711, 34.2430157]]]}, "properties": {"tile_id": "103001010C12B000_031311102120_r000_c010", "class": "ship", "score": 0.607, "long_side_px": 24.2, "heading_deg": 0.7}}, {"type": "Feature", "geometry": {"type": "Polygon", "coordinates": [[[-118.4859335, 34.2430197], [-118.4858608, 34.243021], [-118.48586, 34.2429887], [-118.4859327, 34.2429875], [-118.4859335, 34.2430197]]]}, "properties": {"tile_id": "103001010C12B000_031311102120_r000_c010", "class": "small-vehicle", "score": 0.596, "long_side_px": 22.0, "heading_deg": 179.7}}, {"type": "Feature", "geometry": {"type": "Polygon", "coordinates": [[[-118.4879041, 34.2428552], [-118.4878305, 34.2428568], [-118.4878296, 34.2428275], [-118.4879031, 34.2428259], [-118.4879041, 34.2428552]]]}, "properties": {"tile_id": "103001010C12B000_031311102120_r000_c010", "class": "small-vehicle", "score": 0.58, "long_side_px": 22.2, "heading_deg": 179.3}}, {"type": "Feature", "geometry": {"type": "Polygon", "coordinates": [[[-118.4861017, 34.2429482], [-118.4860277, 34.242949], [-118.4860272, 34.2429159], [-118.4861012, 34.2429151], [-118.4861017, 34.2429482]]]}, "properties": {"tile_id": "103001010C12B000_031311102120_r000_c010", "class": "small-vehicle", "score": 0.566, "long_side_px": 22.3, "heading_deg": 0.1}}, {"type": "Feature", "geometry": {"type": "Polygon", "coordinates": [[[-118.4823374, 34.2409719], [-118.4821949, 34.2409739], [-118.4821902, 34.240749], [-118.4823326, 34.2407469], [-118.4823374, 34.2409719]]]}, "properties": {"tile_id": "103001010C12B000_031311102120_r000_c011", "class": "large-vehicle", "score": 0.641, "long_side_px": 81.8, "heading_deg": 89.8}}, {"type": "Feature", "geometry": {"type": "Polygon", "coordinates": [[[-118.4821652, 34.2409699], [-118.4820277, 34.2409713], [-118.4820244, 34.2407496], [-118.4821619, 34.2407482], [-118.4821652, 34.2409699]]]}, "properties": {"tile_id": "103001010C12B000_031311102120_r000_c011", "class": "large-vehicle", "score": 0.57, "long_side_px": 80.6, "heading_deg": 90.1}}, {"type": "Feature", "geometry": {"type": "Polygon", "coordinates": [[[-118.4731689, 34.2413222], [-118.4731381, 34.2413237], [-118.473134, 34.2412651], [-118.4731648, 34.2412636], [-118.4731689, 34.2413222]]]}, "properties": {"tile_id": "103001010C12B000_031311102120_r000_c014", "class": "small-vehicle", "score": 0.582, "long_side_px": 21.3, "heading_deg": 87.4}}, {"type": "Feature", "geometry": {"type": "Polygon", "coordinates": [[[-118.4730644, 34.2436754], [-118.4730304, 34.2436753], [-118.4730306, 34.2436263], [-118.4730647, 34.2436264], [-118.4730644, 34.2436754]]]}, "properties": {"tile_id": "103001010C12B000_031311102120_r000_c014", "class": "small-vehicle", "score": 0.557, "long_side_px": 17.8, "heading_deg": 91.1}}, {"type": "Feature", "geometry": {"type": "Polygon", "coordinates": [[[-118.4675656, 34.2430001], [-118.4675266, 34.2429994], [-118.4675279, 34.24294], [-118.4675669, 34.2429406], [-118.4675656, 34.2430001]]]}, "properties": {"tile_id": "103001010C12B000_031311102120_r000_c016", "class": "small-vehicle", "score": 0.595, "long_side_px": 21.6, "heading_deg": 91.9}}, {"type": "Feature", "geometry": {"type": "Polygon", "coordinates": [[[-118.4670154, 34.2429394], [-118.4669356, 34.2429399], [-118.4669353, 34.2429085], [-118.4670151, 34.2429079], [-118.4670154, 34.2429394]]]}, "properties": {"tile_id": "103001010C12B000_031311102120_r000_c016", "class": "small-vehicle", "score": 0.562, "long_side_px": 24.1, "heading_deg": 0.3}}, {"type": "Feature", "geometry": {"type": "Polygon", "coordinates": [[[-118.5190353, 34.2393116], [-118.5189982, 34.2393106], [-118.5190006, 34.2392501], [-118.5190378, 34.2392511], [-118.5190353, 34.2393116]]]}, "properties": {"tile_id": "103001010C12B000_031311102120_r001_c000", "class": "small-vehicle", "score": 0.727, "long_side_px": 22.0, "heading_deg": 92.8}}, {"type": "Feature", "geometry": {"type": "Polygon", "coordinates": [[[-118.5161567, 34.239532], [-118.5160788, 34.2395316], [-118.5160791, 34.2395005], [-118.5161569, 34.2395009], [-118.5161567, 34.239532]]]}, "properties": {"tile_id": "103001010C12B000_031311102120_r001_c001", "class": "small-vehicle", "score": 0.628, "long_side_px": 23.5, "heading_deg": 1.2}}, {"type": "Feature", "geometry": {"type": "Polygon", "coordinates": [[[-118.5084766, 34.2385399], [-118.5084353, 34.2385361], [-118.5084444, 34.238469], [-118.5084857, 34.2384729], [-118.5084766, 34.2385399]]]}, "properties": {"tile_id": "103001010C12B000_031311102120_r001_c003", "class": "ship", "score": 0.643, "long_side_px": 24.5, "heading_deg": 97.3}}, {"type": "Feature", "geometry": {"type": "Polygon", "coordinates": [[[-118.5113233, 34.240321], [-118.511282, 34.2403187], [-118.5112877, 34.2402493], [-118.5113289, 34.2402516], [-118.5113233, 34.240321]]]}, "properties": {"tile_id": "103001010C12B000_031311102120_r001_c003", "class": "small-vehicle", "score": 0.635, "long_side_px": 25.3, "heading_deg": 94.7}}, {"type": "Feature", "geometry": {"type": "Polygon", "coordinates": [[[-118.5098061, 34.2381077], [-118.5097693, 34.2381046], [-118.5097768, 34.2380429], [-118.5098136, 34.238046], [-118.5098061, 34.2381077]]]}, "properties": {"tile_id": "103001010C12B000_031311102120_r001_c003", "class": "small-vehicle", "score": 0.625, "long_side_px": 22.5, "heading_deg": 96.6}}, {"type": "Feature", "geometry": {"type": "Polygon", "coordinates": [[[-118.505371, 34.2384586], [-118.5052763, 34.2384654], [-118.505272, 34.2384238], [-118.5053667, 34.2384171], [-118.505371, 34.2384586]]]}, "properties": {"tile_id": "103001010C12B000_031311102120_r001_c004", "class": "ship", "score": 0.658, "long_side_px": 28.7, "heading_deg": 176.0}}, {"type": "Feature", "geometry": {"type": "Polygon", "coordinates": [[[-118.5008745, 34.2403663], [-118.5008334, 34.2403531], [-118.5008649, 34.2402854], [-118.500906, 34.2402986], [-118.5008745, 34.2403663]]]}, "properties": {"tile_id": "103001010C12B000_031311102120_r001_c006", "class": "small-vehicle", "score": 0.686, "long_side_px": 26.4, "heading_deg": 112.0}}, {"type": "Feature", "geometry": {"type": "Polygon", "coordinates": [[[-118.4974078, 34.2404109], [-118.4973733, 34.2403995], [-118.4974005, 34.2403427], [-118.497435, 34.2403541], [-118.4974078, 34.2404109]]]}, "properties": {"tile_id": "103001010C12B000_031311102120_r001_c007", "class": "small-vehicle", "score": 0.57, "long_side_px": 22.2, "heading_deg": 112.5}}, {"type": "Feature", "geometry": {"type": "Polygon", "coordinates": [[[-118.492738, 34.2380769], [-118.4926973, 34.2380751], [-118.4927016, 34.2380075], [-118.4927423, 34.2380093], [-118.492738, 34.2380769]]]}, "properties": {"tile_id": "103001010C12B000_031311102120_r001_c008", "class": "small-vehicle", "score": 0.649, "long_side_px": 24.6, "heading_deg": 93.9}}, {"type": "Feature", "geometry": {"type": "Polygon", "coordinates": [[[-118.4927438, 34.2386603], [-118.4927054, 34.2386627], [-118.4927, 34.2386019], [-118.4927384, 34.2385995], [-118.4927438, 34.2386603]]]}, "properties": {"tile_id": "103001010C12B000_031311102120_r001_c008", "class": "small-vehicle", "score": 0.607, "long_side_px": 22.2, "heading_deg": 86.6}}, {"type": "Feature", "geometry": {"type": "Polygon", "coordinates": [[[-118.4872673, 34.2381322], [-118.4872276, 34.238132], [-118.487228, 34.2380605], [-118.4872678, 34.2380607], [-118.4872673, 34.2381322]]]}, "properties": {"tile_id": "103001010C12B000_031311102120_r001_c010", "class": "small-vehicle", "score": 0.557, "long_side_px": 26.0, "heading_deg": 91.2}}, {"type": "Feature", "geometry": {"type": "Polygon", "coordinates": [[[-118.4861666, 34.2400617], [-118.4861253, 34.2400618], [-118.4861251, 34.2399794], [-118.4861663, 34.2399793], [-118.4861666, 34.2400617]]]}, "properties": {"tile_id": "103001010C12B000_031311102120_r001_c010", "class": "small-vehicle", "score": 0.533, "long_side_px": 30.0, "heading_deg": 90.7}}, {"type": "Feature", "geometry": {"type": "Polygon", "coordinates": [[[-118.4838898, 34.2394334], [-118.483852, 34.2394344], [-118.4838497, 34.239377], [-118.4838876, 34.239376], [-118.4838898, 34.2394334]]]}, "properties": {"tile_id": "103001010C12B000_031311102120_r001_c011", "class": "small-vehicle", "score": 0.568, "long_side_px": 20.9, "heading_deg": 88.9}}, {"type": "Feature", "geometry": {"type": "Polygon", "coordinates": [[[-118.4763833, 34.239822], [-118.4763409, 34.2398197], [-118.4763453, 34.2397627], [-118.4763877, 34.2397649], [-118.4763833, 34.239822]]]}, "properties": {"tile_id": "103001010C12B000_031311102120_r001_c013", "class": "small-vehicle", "score": 0.596, "long_side_px": 20.8, "heading_deg": 94.4}}, {"type": "Feature", "geometry": {"type": "Polygon", "coordinates": [[[-118.4703514, 34.2392275], [-118.4702791, 34.2392353], [-118.4702742, 34.2392037], [-118.4703465, 34.239196], [-118.4703514, 34.2392275]]]}, "properties": {"tile_id": "103001010C12B000_031311102120_r001_c015", "class": "ship", "score": 0.591, "long_side_px": 22.0, "heading_deg": 173.5}}, {"type": "Feature", "geometry": {"type": "Polygon", "coordinates": [[[-118.4675963, 34.2391764], [-118.4675221, 34.2392025], [-118.4675067, 34.2391725], [-118.4675809, 34.2391463], [-118.4675963, 34.2391764]]]}, "properties": {"tile_id": "103001010C12B000_031311102120_r001_c016", "class": "small-vehicle", "score": 0.683, "long_side_px": 24.3, "heading_deg": 157.8}}, {"type": "Feature", "geometry": {"type": "Polygon", "coordinates": [[[-118.4667441, 34.2388909], [-118.4666584, 34.238892], [-118.4666578, 34.2388591], [-118.4667435, 34.238858], [-118.4667441, 34.2388909]]]}, "properties": {"tile_id": "103001010C12B000_031311102120_r001_c016", "class": "small-vehicle", "score": 0.551, "long_side_px": 25.9, "heading_deg": 179.9}}, {"type": "Feature", "geometry": {"type": "Polygon", "coordinates": [[[-118.4660813, 34.2385258], [-118.4660444, 34.2385247], [-118.4660467, 34.2384689], [-118.4660836, 34.23847], [-118.4660813, 34.2385258]]]}, "properties": {"tile_id": "103001010C12B000_031311102120_r001_c016", "class": "small-vehicle", "score": 0.527, "long_side_px": 20.3, "heading_deg": 92.8}}, {"type": "Feature", "geometry": {"type": "Polygon", "coordinates": [[[-118.5201105, 34.2368311], [-118.5200772, 34.2368315], [-118.5200763, 34.2367739], [-118.5201096, 34.2367735], [-118.5201105, 34.2368311]]]}, "properties": {"tile_id": "103001010C12B000_031311102120_r002_c000", "class": "small-vehicle", "score": 0.666, "long_side_px": 20.9, "heading_deg": 90.1}}, {"type": "Feature", "geometry": {"type": "Polygon", "coordinates": [[[-118.5190908, 34.2347828], [-118.5190535, 34.2347839], [-118.5190509, 34.2347239], [-118.5190882, 34.2347228], [-118.5190908, 34.2347828]]]}, "properties": {"tile_id": "103001010C12B000_031311102120_r002_c000", "class": "small-vehicle", "score": 0.555, "long_side_px": 21.8, "heading_deg": 88.8}}, {"type": "Feature", "geometry": {"type": "Polygon", "coordinates": [[[-118.519584, 34.2368889], [-118.5195556, 34.2368644], [-118.5196041, 34.2368255], [-118.5196325, 34.23685], [-118.519584, 34.2368889]]]}, "properties": {"tile_id": "103001010C12B000_031311102120_r002_c000", "class": "small-vehicle", "score": 0.527, "long_side_px": 20.3, "heading_deg": 136.9}}, {"type": "Feature", "geometry": {"type": "Polygon", "coordinates": [[[-118.5156143, 34.2357756], [-118.5155297, 34.2357765], [-118.5155292, 34.2357413], [-118.5156138, 34.2357404], [-118.5156143, 34.2357756]]]}, "properties": {"tile_id": "103001010C12B000_031311102120_r002_c001", "class": "small-vehicle", "score": 0.533, "long_side_px": 25.5, "heading_deg": 0.1}}, {"type": "Feature", "geometry": {"type": "Polygon", "coordinates": [[[-118.508593, 34.2359141], [-118.5084929, 34.2359076], [-118.5084965, 34.2358697], [-118.5085966, 34.2358762], [-118.508593, 34.2359141]]]}, "properties": {"tile_id": "103001010C12B000_031311102120_r002_c003", "class": "ship", "score": 0.583, "long_side_px": 30.3, "heading_deg": 5.3}}, {"type": "Feature", "geometry": {"type": "Polygon", "coordinates": [[[-118.5051376, 34.2357144], [-118.505051, 34.2357111], [-118.505053, 34.2356754], [-118.5051396, 34.2356786], [-118.5051376, 34.2357144]]]}, "properties": {"tile_id": "103001010C12B000_031311102120_r002_c004", "class": "small-vehicle", "score": 0.604, "long_side_px": 26.2, "heading_deg": 3.5}}, {"type": "Feature", "geometry": {"type": "Polygon", "coordinates": [[[-118.5027657, 34.2353477], [-118.502695, 34.2353496], [-118.5026938, 34.2353185], [-118.5027645, 34.2353166], [-118.5027657, 34.2353477]]]}, "properties": {"tile_id": "103001010C12B000_031311102120_r002_c005", "class": "small-vehicle", "score": 0.742, "long_side_px": 21.3, "heading_deg": 179.0}}, {"type": "Feature", "geometry": {"type": "Polygon", "coordinates": [[[-118.5025656, 34.2358254], [-118.5025281, 34.2358221], [-118.5025358, 34.2357616], [-118.5025733, 34.2357649], [-118.5025656, 34.2358254]]]}, "properties": {"tile_id": "103001010C12B000_031311102120_r002_c005", "class": "small-vehicle", "score": 0.717, "long_side_px": 22.1, "heading_deg": 96.9}}, {"type": "Feature", "geometry": {"type": "Polygon", "coordinates": [[[-118.5024579, 34.2357847], [-118.5024179, 34.2357827], [-118.5024232, 34.2357087], [-118.5024632, 34.2357107], [-118.5024579, 34.2357847]]]}, "properties": {"tile_id": "103001010C12B000_031311102120_r002_c005", "class": "small-vehicle", "score": 0.674, "long_side_px": 26.9, "heading_deg": 94.2}}, {"type": "Feature", "geometry": {"type": "Polygon", "coordinates": [[[-118.5024594, 34.2366594], [-118.5024183, 34.2366573], [-118.5024231, 34.2365925], [-118.5024642, 34.2365946], [-118.5024594, 34.2366594]]]}, "properties": {"tile_id": "103001010C12B000_031311102120_r002_c005", "class": "small-vehicle", "score": 0.669, "long_side_px": 23.6, "heading_deg": 94.4}}, {"type": "Feature", "geometry": {"type": "Polygon", "coordinates": [[[-118.5027752, 34.2352204], [-118.5027002, 34.235232], [-118.5026932, 34.2352008], [-118.5027682, 34.2351892], [-118.5027752, 34.2352204]]]}, "properties": {"tile_id": "103001010C12B000_031311102120_r002_c005", "class": "small-vehicle", "score": 0.619, "long_side_px": 23.0, "heading_deg": 170.3}}, {"type": "Feature", "geometry": {"type": "Polygon", "coordinates": [[[-118.5024945, 34.23676], [-118.502452, 34.2367587], [-118.5024546, 34.2366961], [-118.5024971, 34.2366973], [-118.5024945, 34.23676]]]}, "properties": {"tile_id": "103001010C12B000_031311102120_r002_c005", "class": "small-vehicle", "score": 0.607, "long_side_px": 22.8, "heading_deg": 92.8}}, {"type": "Feature", "geometry": {"type": "Polygon", "coordinates": [[[-118.5033793, 34.2357279], [-118.5033009, 34.2357221], [-118.5033045, 34.2356884], [-118.5033829, 34.2356942], [-118.5033793, 34.2357279]]]}, "properties": {"tile_id": "103001010C12B000_031311102120_r002_c005", "class": "small-vehicle", "score": 0.595, "long_side_px": 23.8, "heading_deg": 5.9}}, {"type": "Feature", "geometry": {"type": "Polygon", "coordinates": [[[-118.5042694, 34.2373853], [-118.5041938, 34.237385], [-118.504194, 34.2373509], [-118.5042696, 34.2373513], [-118.5042694, 34.2373853]]]}, "properties": {"tile_id": "103001010C12B000_031311102120_r002_c005", "class": "small-vehicle", "score": 0.593, "long_side_px": 22.8, "heading_deg": 1.1}}, {"type": "Feature", "geometry": {"type": "Polygon", "coordinates": [[[-118.5025637, 34.2366763], [-118.5025257, 34.2366739], [-118.5025315, 34.2366101], [-118.5025695, 34.2366125], [-118.5025637, 34.2366763]]]}, "properties": {"tile_id": "103001010C12B000_031311102120_r002_c005", "class": "small-vehicle", "score": 0.578, "long_side_px": 23.3, "heading_deg": 95.2}}, {"type": "Feature", "geometry": {"type": "Polygon", "coordinates": [[[-118.5024996, 34.2360736], [-118.5024612, 34.236072], [-118.5024649, 34.2360132], [-118.5025033, 34.2360148], [-118.5024996, 34.2360736]]]}, "properties": {"tile_id": "103001010C12B000_031311102120_r002_c005", "class": "small-vehicle", "score": 0.553, "long_side_px": 21.4, "heading_deg": 93.8}}, {"type": "Feature", "geometry": {"type": "Polygon", "coordinates": [[[-118.5027776, 34.2357225], [-118.5027048, 34.2357221], [-118.5027051, 34.2356919], [-118.5027779, 34.2356924], [-118.5027776, 34.2357225]]]}, "properties": {"tile_id": "103001010C12B000_031311102120_r002_c005", "class": "small-vehicle", "score": 0.553, "long_side_px": 22.0, "heading_deg": 1.3}}, {"type": "Feature", "geometry": {"type": "Polygon", "coordinates": [[[-118.5028745, 34.2357186], [-118.5028034, 34.2357234], [-118.5028004, 34.2356936], [-118.5028715, 34.2356887], [-118.5028745, 34.2357186]]]}, "properties": {"tile_id": "103001010C12B000_031311102120_r002_c005", "class": "small-vehicle", "score": 0.543, "long_side_px": 21.5, "heading_deg": 176.1}}, {"type": "Feature", "geometry": {"type": "Polygon", "coordinates": [[[-118.5045888, 34.2368287], [-118.5045268, 34.2368277], [-118.5045275, 34.2367992], [-118.5045895, 34.2368001], [-118.5045888, 34.2368287]]]}, "properties": {"tile_id": "103001010C12B000_031311102120_r002_c005", "class": "small-vehicle", "score": 0.541, "long_side_px": 18.7, "heading_deg": 1.9}}, {"type": "Feature", "geometry": {"type": "Polygon", "coordinates": [[[-118.5003022, 34.235818], [-118.5002254, 34.2358181], [-118.5002254, 34.2357838], [-118.5003021, 34.2357837], [-118.5003022, 34.235818]]]}, "properties": {"tile_id": "103001010C12B000_031311102120_r002_c006", "class": "small-vehicle", "score": 0.639, "long_side_px": 23.2, "heading_deg": 0.8}}, {"type": "Feature", "geometry": {"type": "Polygon", "coordinates": [[[-118.4982508, 34.2358054], [-118.4981724, 34.235805], [-118.4981726, 34.2357695], [-118.498251, 34.2357698], [-118.4982508, 34.2358054]]]}, "properties": {"tile_id": "103001010C12B000_031311102120_r002_c006", "class": "small-vehicle", "score": 0.623, "long_side_px": 23.7, "heading_deg": 1.2}}, {"type": "Feature", "geometry": {"type": "Polygon", "coordinates": [[[-118.49554, 34.2356691], [-118.495462, 34.2356701], [-118.4954613, 34.2356363], [-118.4955393, 34.2356353], [-118.49554, 34.2356691]]]}, "properties": {"tile_id": "103001010C12B000_031311102120_r002_c007", "class": "small-vehicle", "score": 0.585, "long_side_px": 23.5, "heading_deg": 179.9}}, {"type": "Feature", "geometry": {"type": "Polygon", "coordinates": [[[-118.4968095, 34.236947], [-118.4967722, 34.2369488], [-118.496768, 34.236889], [-118.4968053, 34.2368871], [-118.4968095, 34.236947]]]}, "properties": {"tile_id": "103001010C12B000_031311102120_r002_c007", "class": "small-vehicle", "score": 0.543, "long_side_px": 21.8, "heading_deg": 87.5}}, {"type": "Feature", "geometry": {"type": "Polygon", "coordinates": [[[-118.4938125, 34.2371203], [-118.4937757, 34.2371198], [-118.493777, 34.2370576], [-118.4938138, 34.2370582], [-118.4938125, 34.2371203]]]}, "properties": {"tile_id": "103001010C12B000_031311102120_r002_c008", "class": "small-vehicle", "score": 0.549, "long_side_px": 22.6, "heading_deg": 91.8}}, {"type": "Feature", "geometry": {"type": "Polygon", "coordinates": [[[-118.4890019, 34.2357115], [-118.4889259, 34.235711], [-118.4889262, 34.2356814], [-118.4890022, 34.235682], [-118.4890019, 34.2357115]]]}, "properties": {"tile_id": "103001010C12B000_031311102120_r002_c009", "class": "small-vehicle", "score": 0.533, "long_side_px": 22.9, "heading_deg": 1.3}}, {"type": "Feature", "geometry": {"type": "Polygon", "coordinates": [[[-118.4805188, 34.235726], [-118.4804397, 34.2357239], [-118.480441, 34.2356908], [-118.4805201, 34.2356929], [-118.4805188, 34.235726]]]}, "properties": {"tile_id": "103001010C12B000_031311102120_r002_c012", "class": "small-vehicle", "score": 0.686, "long_side_px": 23.9, "heading_deg": 2.7}}, {"type": "Feature", "geometry": {"type": "Polygon", "coordinates": [[[-118.4802085, 34.2356635], [-118.4801155, 34.2356636], [-118.4801154, 34.2356262], [-118.4802084, 34.235626], [-118.4802085, 34.2356635]]]}, "properties": {"tile_id": "103001010C12B000_031311102120_r002_c012", "class": "small-vehicle", "score": 0.657, "long_side_px": 28.1, "heading_deg": 0.7}}, {"type": "Feature", "geometry": {"type": "Polygon", "coordinates": [[[-118.4764141, 34.236501], [-118.4763745, 34.2365005], [-118.4763757, 34.2364316], [-118.4764152, 34.2364321], [-118.4764141, 34.236501]]]}, "properties": {"tile_id": "103001010C12B000_031311102120_r002_c013", "class": "small-vehicle", "score": 0.545, "long_side_px": 25.0, "heading_deg": 91.6}}, {"type": "Feature", "geometry": {"type": "Polygon", "coordinates": [[[-118.4723625, 34.2357645], [-118.4723273, 34.2357603], [-118.4723369, 34.235705], [-118.4723721, 34.2357092], [-118.4723625, 34.2357645]]]}, "properties": {"tile_id": "103001010C12B000_031311102120_r002_c014", "class": "small-vehicle", "score": 0.585, "long_side_px": 20.3, "heading_deg": 99.0}}, {"type": "Feature", "geometry": {"type": "Polygon", "coordinates": [[[-118.4724244, 34.2356265], [-118.4723404, 34.2356268], [-118.4723402, 34.2355946], [-118.4724242, 34.2355943], [-118.4724244, 34.2356265]]]}, "properties": {"tile_id": "103001010C12B000_031311102120_r002_c014", "class": "small-vehicle", "score": 0.576, "long_side_px": 25.4, "heading_deg": 0.6}}, {"type": "Feature", "geometry": {"type": "Polygon", "coordinates": [[[-118.4646626, 34.2354653], [-118.464591, 34.2354674], [-118.4645898, 34.235438], [-118.4646613, 34.2354359], [-118.4646626, 34.2354653]]]}, "properties": {"tile_id": "103001010C12B000_031311102120_r002_c016", "class": "small-vehicle", "score": 0.676, "long_side_px": 21.6, "heading_deg": 178.8}}, {"type": "Feature", "geometry": {"type": "Polygon", "coordinates": [[[-118.4645417, 34.2355898], [-118.4644627, 34.2355894], [-118.464463, 34.2355558], [-118.464542, 34.2355562], [-118.4645417, 34.2355898]]]}, "properties": {"tile_id": "103001010C12B000_031311102120_r002_c016", "class": "small-vehicle", "score": 0.655, "long_side_px": 23.8, "heading_deg": 1.2}}, {"type": "Feature", "geometry": {"type": "Polygon", "coordinates": [[[-118.4669955, 34.2356341], [-118.4669211, 34.2356339], [-118.4669212, 34.2356014], [-118.4669957, 34.2356016], [-118.4669955, 34.2356341]]]}, "properties": {"tile_id": "103001010C12B000_031311102120_r002_c016", "class": "small-vehicle", "score": 0.602, "long_side_px": 22.5, "heading_deg": 1.0}}, {"type": "Feature", "geometry": {"type": "Polygon", "coordinates": [[[-118.5179509, 34.2335185], [-118.5178489, 34.2335097], [-118.5178543, 34.2334661], [-118.5179564, 34.2334749], [-118.5179509, 34.2335185]]]}, "properties": {"tile_id": "103001010C12B000_031311102120_r003_c001", "class": "ship", "score": 0.568, "long_side_px": 31.0, "heading_deg": 6.8}}, {"type": "Feature", "geometry": {"type": "Polygon", "coordinates": [[[-118.5134212, 34.2345095], [-118.5133377, 34.2345142], [-118.5133348, 34.234479], [-118.5134183, 34.2344742], [-118.5134212, 34.2345095]]]}, "properties": {"tile_id": "103001010C12B000_031311102120_r003_c002", "class": "ship", "score": 0.613, "long_side_px": 25.2, "heading_deg": 176.9}}, {"type": "Feature", "geometry": {"type": "Polygon", "coordinates": [[[-118.51336, 34.2334979], [-118.5132664, 34.2334946], [-118.5132685, 34.2334543], [-118.513362, 34.2334576], [-118.51336, 34.2334979]]]}, "properties": {"tile_id": "103001010C12B000_031311102120_r003_c002", "class": "ship", "score": 0.57, "long_side_px": 28.2, "heading_deg": 3.3}}, {"type": "Feature", "geometry": {"type": "Polygon", "coordinates": [[[-118.5139974, 34.2334942], [-118.5139153, 34.2334998], [-118.5139118, 34.2334642], [-118.5139939, 34.2334586], [-118.5139974, 34.2334942]]]}, "properties": {"tile_id": "103001010C12B000_031311102120_r003_c002", "class": "small-vehicle", "score": 0.558, "long_side_px": 24.9, "heading_deg": 176.2}}, {"type": "Feature", "geometry": {"type": "Polygon", "coordinates": [[[-118.5027988, 34.2339799], [-118.5027295, 34.2339823], [-118.5027281, 34.2339543], [-118.5027974, 34.2339518], [-118.5027988, 34.2339799]]]}, "properties": {"tile_id": "103001010C12B000_031311102120_r003_c005", "class": "small-vehicle", "score": 0.632, "long_side_px": 20.9, "heading_deg": 178.4}}, {"type": "Feature", "geometry": {"type": "Polygon", "coordinates": [[[-118.5025849, 34.2340701], [-118.5025478, 34.2340717], [-118.5025437, 34.2340093], [-118.5025807, 34.2340076], [-118.5025849, 34.2340701]]]}, "properties": {"tile_id": "103001010C12B000_031311102120_r003_c005", "class": "small-vehicle", "score": 0.628, "long_side_px": 22.7, "heading_deg": 87.7}}, {"type": "Feature", "geometry": {"type": "Polygon", "coordinates": [[[-118.5027909, 34.2342007], [-118.5027241, 34.234201], [-118.5027239, 34.2341732], [-118.5027907, 34.2341729], [-118.5027909, 34.2342007]]]}, "properties": {"tile_id": "103001010C12B000_031311102120_r003_c005", "class": "small-vehicle", "score": 0.585, "long_side_px": 20.2, "heading_deg": 0.5}}, {"type": "Feature", "geometry": {"type": "Polygon", "coordinates": [[[-118.502182, 34.2342645], [-118.5021106, 34.2342718], [-118.5021059, 34.23424], [-118.5021773, 34.2342327], [-118.502182, 34.2342645]]]}, "properties": {"tile_id": "103001010C12B000_031311102120_r003_c005", "class": "small-vehicle", "score": 0.555, "long_side_px": 21.7, "heading_deg": 173.9}}, {"type": "Feature", "geometry": {"type": "Polygon", "coordinates": [[[-118.4916348, 34.2343235], [-118.4915979, 34.2343205], [-118.4916049, 34.2342612], [-118.4916418, 34.2342643], [-118.4916348, 34.2343235]]]}, "properties": {"tile_id": "103001010C12B000_031311102120_r003_c008", "class": "small-vehicle", "score": 0.541, "long_side_px": 21.6, "heading_deg": 96.4}}, {"type": "Feature", "geometry": {"type": "Polygon", "coordinates": [[[-118.4884966, 34.2344061], [-118.4884211, 34.2343635], [-118.4884438, 34.2343357], [-118.4885194, 34.2343783], [-118.4884966, 34.2344061]]]}, "properties": {"tile_id": "103001010C12B000_031311102120_r003_c009", "class": "ship", "score": 0.595, "long_side_px": 27.6, "heading_deg": 35.0}}, {"type": "Feature", "geometry": {"type": "Polygon", "coordinates": [[[-118.4711514, 34.2325555], [-118.4710799, 34.232559], [-118.4710777, 34.232529], [-118.4711492, 34.2325255], [-118.4711514, 34.2325555]]]}, "properties": {"tile_id": "103001010C12B000_031311102120_r003_c014", "class": "small-vehicle", "score": 0.626, "long_side_px": 21.6, "heading_deg": 177.4}}, {"type": "Feature", "geometry": {"type": "Polygon", "coordinates": [[[-118.4719346, 34.2331893], [-118.4718974, 34.2331912], [-118.4718932, 34.2331364], [-118.4719305, 34.2331344], [-118.4719346, 34.2331893]]]}, "properties": {"tile_id": "103001010C12B000_031311102120_r003_c014", "class": "small-vehicle", "score": 0.623, "long_side_px": 20.0, "heading_deg": 87.2}}, {"type": "Feature", "geometry": {"type": "Polygon", "coordinates": [[[-118.4691326, 34.2348395], [-118.4690657, 34.2348095], [-118.4690866, 34.2347773], [-118.4691535, 34.2348074], [-118.4691326, 34.2348395]]]}, "properties": {"tile_id": "103001010C12B000_031311102120_r003_c015", "class": "small-vehicle", "score": 0.576, "long_side_px": 23.0, "heading_deg": 29.2}}, {"type": "Feature", "geometry": {"type": "Polygon", "coordinates": [[[-118.5132804, 34.2306876], [-118.5132077, 34.230653], [-118.5132273, 34.2306247], [-118.5133, 34.2306594], [-118.5132804, 34.2306876]]]}, "properties": {"tile_id": "103001010C12B000_031311102120_r004_c002", "class": "small-vehicle", "score": 0.553, "long_side_px": 25.3, "heading_deg": 30.7}}, {"type": "Feature", "geometry": {"type": "Polygon", "coordinates": [[[-118.4953682, 34.2302366], [-118.4952918, 34.2302365], [-118.4952919, 34.2302057], [-118.4953682, 34.2302057], [-118.4953682, 34.2302366]]]}, "properties": {"tile_id": "103001010C12B000_031311102120_r004_c007", "class": "ship", "score": 0.683, "long_side_px": 23.0, "heading_deg": 0.9}}, {"type": "Feature", "geometry": {"type": "Polygon", "coordinates": [[[-118.4953794, 34.2297859], [-118.4953092, 34.229788], [-118.4953079, 34.2297589], [-118.4953781, 34.2297568], [-118.4953794, 34.2297859]]]}, "properties": {"tile_id": "103001010C12B000_031311102120_r004_c007", "class": "small-vehicle", "score": 0.641, "long_side_px": 21.2, "heading_deg": 178.8}}, {"type": "Feature", "geometry": {"type": "Polygon", "coordinates": [[[-118.4952173, 34.2298944], [-118.4951489, 34.2298941], [-118.4951491, 34.2298662], [-118.4952175, 34.2298665], [-118.4952173, 34.2298944]]]}, "properties": {"tile_id": "103001010C12B000_031311102120_r004_c007", "class": "small-vehicle", "score": 0.609, "long_side_px": 20.7, "heading_deg": 1.1}}, {"type": "Feature", "geometry": {"type": "Polygon", "coordinates": [[[-118.4952216, 34.2298685], [-118.4951545, 34.2298696], [-118.4951538, 34.2298425], [-118.495221, 34.2298414], [-118.4952216, 34.2298685]]]}, "properties": {"tile_id": "103001010C12B000_031311102120_r004_c007", "class": "small-vehicle", "score": 0.598, "long_side_px": 20.3, "heading_deg": 179.7}}, {"type": "Feature", "geometry": {"type": "Polygon", "coordinates": [[[-118.4951757, 34.2298212], [-118.4950844, 34.2298258], [-118.4950821, 34.2297949], [-118.4951735, 34.2297903], [-118.4951757, 34.2298212]]]}, "properties": {"tile_id": "103001010C12B000_031311102120_r004_c007", "class": "ship", "score": 0.564, "long_side_px": 27.6, "heading_deg": 177.4}}, {"type": "Feature", "geometry": {"type": "Polygon", "coordinates": [[[-118.495167, 34.2297767], [-118.4950877, 34.2297745], [-118.495089, 34.2297404], [-118.4951684, 34.2297426], [-118.495167, 34.2297767]]]}, "properties": {"tile_id": "103001010C12B000_031311102120_r004_c007", "class": "ship", "score": 0.558, "long_side_px": 24.0, "heading_deg": 2.7}}, {"type": "Feature", "geometry": {"type": "Polygon", "coordinates": [[[-118.4953662, 34.22994], [-118.495287, 34.2299406], [-118.4952867, 34.2299079], [-118.4953659, 34.2299074], [-118.4953662, 34.22994]]]}, "properties": {"tile_id": "103001010C12B000_031311102120_r004_c007", "class": "small-vehicle", "score": 0.553, "long_side_px": 23.9, "heading_deg": 0.4}}, {"type": "Feature", "geometry": {"type": "Polygon", "coordinates": [[[-118.4977742, 34.2295957], [-118.4977398, 34.2295959], [-118.4977393, 34.2295407], [-118.4977738, 34.2295405], [-118.4977742, 34.2295957]]]}, "properties": {"tile_id": "103001010C12B000_031311102120_r004_c007", "class": "small-vehicle", "score": 0.547, "long_side_px": 20.0, "heading_deg": 90.4}}, {"type": "Feature", "geometry": {"type": "Polygon", "coordinates": [[[-118.4862374, 34.2315701], [-118.4861988, 34.2315643], [-118.4862132, 34.2314974], [-118.4862518, 34.2315031], [-118.4862374, 34.2315701]]]}, "properties": {"tile_id": "103001010C12B000_031311102120_r004_c010", "class": "small-vehicle", "score": 0.674, "long_side_px": 24.7, "heading_deg": 101.0}}, {"type": "Feature", "geometry": {"type": "Polygon", "coordinates": [[[-118.4851294, 34.2310809], [-118.4850929, 34.2310778], [-118.4851008, 34.2310145], [-118.4851373, 34.2310177], [-118.4851294, 34.2310809]]]}, "properties": {"tile_id": "103001010C12B000_031311102120_r004_c010", "class": "small-vehicle", "score": 0.558, "long_side_px": 23.1, "heading_deg": 96.7}}, {"type": "Feature", "geometry": {"type": "Polygon", "coordinates": [[[-118.4861562, 34.2306005], [-118.4861181, 34.2305983], [-118.486123, 34.2305386], [-118.4861611, 34.2305408], [-118.4861562, 34.2306005]]]}, "properties": {"tile_id": "103001010C12B000_031311102120_r004_c010", "class": "small-vehicle", "score": 0.555, "long_side_px": 21.8, "heading_deg": 94.8}}, {"type": "Feature", "geometry": {"type": "Polygon", "coordinates": [[[-118.4870691, 34.2320839], [-118.4869931, 34.2320892], [-118.4869898, 34.2320573], [-118.4870659, 34.2320519], [-118.4870691, 34.2320839]]]}, "properties": {"tile_id": "103001010C12B000_031311102120_r004_c010", "class": "small-vehicle", "score": 0.555, "long_side_px": 23.0, "heading_deg": 176.0}}, {"type": "Feature", "geometry": {"type": "Polygon", "coordinates": [[[-118.4851255, 34.2316377], [-118.4850866, 34.2316343], [-118.4850944, 34.2315723], [-118.4851333, 34.2315757], [-118.4851255, 34.2316377]]]}, "properties": {"tile_id": "103001010C12B000_031311102120_r004_c010", "class": "small-vehicle", "score": 0.551, "long_side_px": 22.7, "heading_deg": 96.8}}, {"type": "Feature", "geometry": {"type": "Polygon", "coordinates": [[[-118.4843424, 34.2320705], [-118.4842664, 34.2320706], [-118.4842663, 34.2320384], [-118.4843423, 34.2320382], [-118.4843424, 34.2320705]]]}, "properties": {"tile_id": "103001010C12B000_031311102120_r004_c011", "class": "small-vehicle", "score": 0.549, "long_side_px": 22.9, "heading_deg": 0.7}}, {"type": "Feature", "geometry": {"type": "Polygon", "coordinates": [[[-118.4762203, 34.2296292], [-118.4761466, 34.229627], [-118.476148, 34.2295956], [-118.4762216, 34.2295978], [-118.4762203, 34.2296292]]]}, "properties": {"tile_id": "103001010C12B000_031311102120_r004_c013", "class": "small-vehicle", "score": 0.611, "long_side_px": 22.2, "heading_deg": 2.9}}, {"type": "Feature", "geometry": {"type": "Polygon", "coordinates": [[[-118.4760891, 34.2297891], [-118.4760198, 34.2297918], [-118.4760182, 34.2297636], [-118.4760874, 34.2297609], [-118.4760891, 34.2297891]]]}, "properties": {"tile_id": "103001010C12B000_031311102120_r004_c013", "class": "small-vehicle", "score": 0.578, "long_side_px": 20.9, "heading_deg": 178.1}}, {"type": "Feature", "geometry": {"type": "Polygon", "coordinates": [[[-118.4762206, 34.2296684], [-118.4761587, 34.2296705], [-118.4761574, 34.2296444], [-118.4762193, 34.2296423], [-118.4762206, 34.2296684]]]}, "properties": {"tile_id": "103001010C12B000_031311102120_r004_c013", "class": "small-vehicle", "score": 0.545, "long_side_px": 18.7, "heading_deg": 178.5}}, {"type": "Feature", "geometry": {"type": "Polygon", "coordinates": [[[-118.4760817, 34.2297415], [-118.4760247, 34.2297453], [-118.4760223, 34.2297204], [-118.4760793, 34.2297166], [-118.4760817, 34.2297415]]]}, "properties": {"tile_id": "103001010C12B000_031311102120_r004_c013", "class": "small-vehicle", "score": 0.533, "long_side_px": 17.2, "heading_deg": 176.2}}, {"type": "Feature", "geometry": {"type": "Polygon", "coordinates": [[[-118.4699813, 34.2306941], [-118.4699075, 34.2306926], [-118.4699084, 34.2306621], [-118.4699822, 34.2306635], [-118.4699813, 34.2306941]]]}, "properties": {"tile_id": "103001010C12B000_031311102120_r004_c015", "class": "small-vehicle", "score": 0.681, "long_side_px": 22.3, "heading_deg": 2.2}}, {"type": "Feature", "geometry": {"type": "Polygon", "coordinates": [[[-118.4688217, 34.2320818], [-118.4687545, 34.2320571], [-118.4687717, 34.2320249], [-118.4688389, 34.2320497], [-118.4688217, 34.2320818]]]}, "properties": {"tile_id": "103001010C12B000_031311102120_r004_c015", "class": "small-vehicle", "score": 0.653, "long_side_px": 22.2, "heading_deg": 24.7}}, {"type": "Feature", "geometry": {"type": "Polygon", "coordinates": [[[-118.4678212, 34.2323897], [-118.4677812, 34.2323896], [-118.4677816, 34.2323272], [-118.4678216, 34.2323273], [-118.4678212, 34.2323897]]]}, "properties": {"tile_id": "103001010C12B000_031311102120_r004_c015", "class": "small-vehicle", "score": 0.606, "long_side_px": 22.7, "heading_deg": 91.1}}, {"type": "Feature", "geometry": {"type": "Polygon", "coordinates": [[[-118.4669075, 34.2316265], [-118.4668178, 34.231629], [-118.4668165, 34.2315978], [-118.4669062, 34.2315953], [-118.4669075, 34.2316265]]]}, "properties": {"tile_id": "103001010C12B000_031311102120_r004_c016", "class": "small-vehicle", "score": 0.611, "long_side_px": 27.1, "heading_deg": 178.8}}, {"type": "Feature", "geometry": {"type": "Polygon", "coordinates": [[[-118.4669079, 34.2316562], [-118.4668119, 34.231661], [-118.4668097, 34.2316301], [-118.4669057, 34.2316253], [-118.4669079, 34.2316562]]]}, "properties": {"tile_id": "103001010C12B000_031311102120_r004_c016", "class": "small-vehicle", "score": 0.574, "long_side_px": 29.0, "heading_deg": 177.4}}, {"type": "Feature", "geometry": {"type": "Polygon", "coordinates": [[[-118.4645774, 34.2319138], [-118.4645091, 34.2319142], [-118.4645089, 34.2318861], [-118.4645771, 34.2318856], [-118.4645774, 34.2319138]]]}, "properties": {"tile_id": "103001010C12B000_031311102120_r004_c016", "class": "small-vehicle", "score": 0.574, "long_side_px": 20.6, "heading_deg": 0.4}}, {"type": "Feature", "geometry": {"type": "Polygon", "coordinates": [[[-118.4643198, 34.2319156], [-118.4642408, 34.2319176], [-118.4642397, 34.2318864], [-118.4643186, 34.2318844], [-118.4643198, 34.2319156]]]}, "properties": {"tile_id": "103001010C12B000_031311102120_r004_c016", "class": "small-vehicle", "score": 0.568, "long_side_px": 23.8, "heading_deg": 179.1}}, {"type": "Feature", "geometry": {"type": "Polygon", "coordinates": [[[-118.4668981, 34.231687], [-118.4668067, 34.2316925], [-118.466804, 34.2316614], [-118.4668954, 34.2316559], [-118.4668981, 34.231687]]]}, "properties": {"tile_id": "103001010C12B000_031311102120_r004_c016", "class": "small-vehicle", "score": 0.562, "long_side_px": 27.7, "heading_deg": 176.7}}, {"type": "Feature", "geometry": {"type": "Polygon", "coordinates": [[[-118.4669066, 34.2314104], [-118.4668407, 34.2314121], [-118.4668397, 34.2313843], [-118.4669056, 34.2313826], [-118.4669066, 34.2314104]]]}, "properties": {"tile_id": "103001010C12B000_031311102120_r004_c016", "class": "small-vehicle", "score": 0.545, "long_side_px": 19.9, "heading_deg": 179.1}}, {"type": "Feature", "geometry": {"type": "Polygon", "coordinates": [[[-118.4669008, 34.2317454], [-118.4667982, 34.2317525], [-118.4667951, 34.2317214], [-118.4668976, 34.2317143], [-118.4669008, 34.2317454]]]}, "properties": {"tile_id": "103001010C12B000_031311102120_r004_c016", "class": "ship", "score": 0.541, "long_side_px": 31.1, "heading_deg": 176.1}}, {"type": "Feature", "geometry": {"type": "Polygon", "coordinates": [[[-118.4644246, 34.2298837], [-118.4643896, 34.2298853], [-118.4643854, 34.2298246], [-118.4644204, 34.229823], [-118.4644246, 34.2298837]]]}, "properties": {"tile_id": "103001010C12B000_031311102120_r004_c016", "class": "small-vehicle", "score": 0.527, "long_side_px": 22.1, "heading_deg": 87.5}}, {"type": "Feature", "geometry": {"type": "Polygon", "coordinates": [[[-118.5078119, 34.2268182], [-118.5077341, 34.2267834], [-118.5077539, 34.226753], [-118.5078316, 34.2267877], [-118.5078119, 34.2268182]]]}, "properties": {"tile_id": "103001010C12B000_031311102120_r005_c004", "class": "ship", "score": 0.752, "long_side_px": 26.7, "heading_deg": 29.2}}, {"type": "Feature", "geometry": {"type": "Polygon", "coordinates": [[[-118.5071308, 34.2285997], [-118.5070494, 34.2286002], [-118.5070491, 34.2285667], [-118.5071305, 34.2285661], [-118.5071308, 34.2285997]]]}, "properties": {"tile_id": "103001010C12B000_031311102120_r005_c004", "class": "small-vehicle", "score": 0.564, "long_side_px": 24.6, "heading_deg": 0.4}}, {"type": "Feature", "geometry": {"type": "Polygon", "coordinates": [[[-118.5025373, 34.2279291], [-118.5024968, 34.2279281], [-118.5024989, 34.2278642], [-118.5025395, 34.2278651], [-118.5025373, 34.2279291]]]}, "properties": {"tile_id": "103001010C12B000_031311102120_r005_c005", "class": "small-vehicle", "score": 0.666, "long_side_px": 23.2, "heading_deg": 92.5}}, {"type": "Feature", "geometry": {"type": "Polygon", "coordinates": [[[-118.502645, 34.2277993], [-118.5026067, 34.2277946], [-118.5026184, 34.2277284], [-118.5026567, 34.2277331], [-118.502645, 34.2277993]]]}, "properties": {"tile_id": "103001010C12B000_031311102120_r005_c005", "class": "small-vehicle", "score": 0.644, "long_side_px": 24.3, "heading_deg": 99.2}}, {"type": "Feature", "geometry": {"type": "Polygon", "coordinates": [[[-118.5021449, 34.2276792], [-118.5021106, 34.2276765], [-118.5021172, 34.2276186], [-118.5021515, 34.2276213], [-118.5021449, 34.2276792]]]}, "properties": {"tile_id": "103001010C12B000_031311102120_r005_c005", "class": "small-vehicle", "score": 0.615, "long_side_px": 21.1, "heading_deg": 96.2}}, {"type": "Feature", "geometry": {"type": "Polygon", "coordinates": [[[-118.5025447, 34.2277419], [-118.5025054, 34.2277406], [-118.5025082, 34.2276811], [-118.5025474, 34.2276823], [-118.5025447, 34.2277419]]]}, "properties": {"tile_id": "103001010C12B000_031311102120_r005_c005", "class": "small-vehicle", "score": 0.607, "long_side_px": 21.7, "heading_deg": 93.1}}, {"type": "Feature", "geometry": {"type": "Polygon", "coordinates": [[[-118.5020124, 34.2276751], [-118.5019765, 34.2276731], [-118.5019811, 34.2276123], [-118.5020171, 34.2276142], [-118.5020124, 34.2276751]]]}, "properties": {"tile_id": "103001010C12B000_031311102120_r005_c005", "class": "small-vehicle", "score": 0.602, "long_side_px": 22.2, "heading_deg": 94.5}}, {"type": "Feature", "geometry": {"type": "Polygon", "coordinates": [[[-118.5026878, 34.2276732], [-118.502648, 34.227672], [-118.5026508, 34.2276087], [-118.5026906, 34.2276099], [-118.5026878, 34.2276732]]]}, "properties": {"tile_id": "103001010C12B000_031311102120_r005_c005", "class": "small-vehicle", "score": 0.583, "long_side_px": 23.0, "heading_deg": 92.9}}, {"type": "Feature", "geometry": {"type": "Polygon", "coordinates": [[[-118.5024711, 34.2275978], [-118.5023893, 34.2276168], [-118.5023787, 34.2275855], [-118.5024605, 34.2275664], [-118.5024711, 34.2275978]]]}, "properties": {"tile_id": "103001010C12B000_031311102120_r005_c005", "class": "small-vehicle", "score": 0.574, "long_side_px": 25.6, "heading_deg": 165.2}}, {"type": "Feature", "geometry": {"type": "Polygon", "coordinates": [[[-118.5025431, 34.2278244], [-118.5024995, 34.2278227], [-118.5025028, 34.2277638], [-118.5025464, 34.2277655], [-118.5025431, 34.2278244]]]}, "properties": {"tile_id": "103001010C12B000_031311102120_r005_c005", "class": "small-vehicle", "score": 0.557, "long_side_px": 21.4, "heading_deg": 93.5}}, {"type": "Feature", "geometry": {"type": "Polygon", "coordinates": [[[-118.5018445, 34.2279189], [-118.5017779, 34.2279146], [-118.5017806, 34.2278861], [-118.5018472, 34.2278905], [-118.5018445, 34.2279189]]]}, "properties": {"tile_id": "103001010C12B000_031311102120_r005_c005", "class": "small-vehicle", "score": 0.543, "long_side_px": 20.2, "heading_deg": 5.3}}, {"type": "Feature", "geometry": {"type": "Polygon", "coordinates": [[[-118.5021046, 34.2276832], [-118.5020723, 34.2276798], [-118.5020814, 34.2276183], [-118.5021137, 34.2276216], [-118.5021046, 34.2276832]]]}, "properties": {"tile_id": "103001010C12B000_031311102120_r005_c005", "class": "small-vehicle", "score": 0.525, "long_side_px": 22.5, "heading_deg": 97.9}}, {"type": "Feature", "geometry": {"type": "Polygon", "coordinates": [[[-118.5004686, 34.2292428], [-118.5003871, 34.2292505], [-118.5003824, 34.2292165], [-118.5004639, 34.2292088], [-118.5004686, 34.2292428]]]}, "properties": {"tile_id": "103001010C12B000_031311102120_r005_c006", "class": "small-vehicle", "score": 0.701, "long_side_px": 24.8, "heading_deg": 174.3}}, {"type": "Feature", "geometry": {"type": "Polygon", "coordinates": [[[-118.4983937, 34.227816], [-118.4983278, 34.2277919], [-118.4983428, 34.2277637], [-118.4984086, 34.2277879], [-118.4983937, 34.227816]]]}, "properties": {"tile_id": "103001010C12B000_031311102120_r005_c006", "class": "small-vehicle", "score": 0.615, "long_side_px": 21.7, "heading_deg": 24.6}}, {"type": "Feature", "geometry": {"type": "Polygon", "coordinates": [[[-118.5004627, 34.2291987], [-118.5003916, 34.2292011], [-118.5003901, 34.2291694], [-118.5004611, 34.2291671], [-118.5004627, 34.2291987]]]}, "properties": {"tile_id": "103001010C12B000_031311102120_r005_c006", "class": "small-vehicle", "score": 0.6, "long_side_px": 21.5, "heading_deg": 178.6}}, {"type": "Feature", "geometry": {"type": "Polygon", "coordinates": [[[-118.4993498, 34.2288533], [-118.4993106, 34.2288512], [-118.499315, 34.228793], [-118.4993543, 34.228795], [-118.4993498, 34.2288533]]]}, "properties": {"tile_id": "103001010C12B000_031311102120_r005_c006", "class": "small-vehicle", "score": 0.595, "long_side_px": 21.2, "heading_deg": 94.5}}, {"type": "Feature", "geometry": {"type": "Polygon", "coordinates": [[[-118.4983892, 34.2278707], [-118.4983283, 34.2278434], [-118.4983459, 34.2278164], [-118.4984068, 34.2278437], [-118.4983892, 34.2278707]]]}, "properties": {"tile_id": "103001010C12B000_031311102120_r005_c006", "class": "small-vehicle", "score": 0.533, "long_side_px": 20.9, "heading_deg": 29.2}}, {"type": "Feature", "geometry": {"type": "Polygon", "coordinates": [[[-118.4938019, 34.2281643], [-118.4937659, 34.2281655], [-118.4937628, 34.2281011], [-118.4937988, 34.2281], [-118.4938019, 34.2281643]]]}, "properties": {"tile_id": "103001010C12B000_031311102120_r005_c008", "class": "small-vehicle", "score": 0.587, "long_side_px": 23.4, "heading_deg": 88.6}}, {"type": "Feature", "geometry": {"type": "Polygon", "coordinates": [[[-118.4881485, 34.2284746], [-118.4880823, 34.2284777], [-118.4880804, 34.2284502], [-118.4881466, 34.2284471], [-118.4881485, 34.2284746]]]}, "properties": {"tile_id": "103001010C12B000_031311102120_r005_c009", "class": "small-vehicle", "score": 0.611, "long_side_px": 20.0, "heading_deg": 177.6}}, {"type": "Feature", "geometry": {"type": "Polygon", "coordinates": [[[-118.4881748, 34.2284531], [-118.4880937, 34.2284487], [-118.4880962, 34.2284162], [-118.4881773, 34.2284205], [-118.4881748, 34.2284531]]]}, "properties": {"tile_id": "103001010C12B000_031311102120_r005_c009", "class": "small-vehicle", "score": 0.6, "long_side_px": 24.5, "heading_deg": 4.6}}, {"type": "Feature", "geometry": {"type": "Polygon", "coordinates": [[[-118.4882884, 34.2275779], [-118.4882189, 34.2275858], [-118.4882138, 34.2275548], [-118.4882833, 34.227547], [-118.4882884, 34.2275779]]]}, "properties": {"tile_id": "103001010C12B000_031311102120_r005_c009", "class": "small-vehicle", "score": 0.589, "long_side_px": 21.2, "heading_deg": 173.1}}, {"type": "Feature", "geometry": {"type": "Polygon", "coordinates": [[[-118.4908987, 34.2285205], [-118.4908304, 34.2285227], [-118.4908291, 34.2284957], [-118.4908975, 34.2284935], [-118.4908987, 34.2285205]]]}, "properties": {"tile_id": "103001010C12B000_031311102120_r005_c009", "class": "small-vehicle", "score": 0.562, "long_side_px": 20.7, "heading_deg": 178.6}}, {"type": "Feature", "geometry": {"type": "Polygon", "coordinates": [[[-118.4887956, 34.2284786], [-118.4887165, 34.2284802], [-118.4887155, 34.2284457], [-118.4887946, 34.2284442], [-118.4887956, 34.2284786]]]}, "properties": {"tile_id": "103001010C12B000_031311102120_r005_c009", "class": "small-vehicle", "score": 0.547, "long_side_px": 23.9, "heading_deg": 179.5}}, {"type": "Feature", "geometry": {"type": "Polygon", "coordinates": [[[-118.4903318, 34.2285223], [-118.4902707, 34.2285227], [-118.4902704, 34.2284966], [-118.4903315, 34.2284962], [-118.4903318, 34.2285223]]]}, "properties": {"tile_id": "103001010C12B000_031311102120_r005_c009", "class": "small-vehicle", "score": 0.525, "long_side_px": 18.4, "heading_deg": 0.4}}, {"type": "Feature", "geometry": {"type": "Polygon", "coordinates": [[[-118.4868032, 34.2284386], [-118.486727, 34.2284407], [-118.4867258, 34.2284088], [-118.486802, 34.2284068], [-118.4868032, 34.2284386]]]}, "properties": {"tile_id": "103001010C12B000_031311102120_r005_c010", "class": "small-vehicle", "score": 0.677, "long_side_px": 23.0, "heading_deg": 179.0}}, {"type": "Feature", "geometry": {"type": "Polygon", "coordinates": [[[-118.4848349, 34.2271117], [-118.4847575, 34.2271138], [-118.4847563, 34.2270839], [-118.4848337, 34.2270818], [-118.4848349, 34.2271117]]]}, "properties": {"tile_id": "103001010C12B000_031311102120_r005_c010", "class": "small-vehicle", "score": 0.537, "long_side_px": 23.4, "heading_deg": 178.9}}, {"type": "Feature", "geometry": {"type": "Polygon", "coordinates": [[[-118.4855607, 34.2278576], [-118.4854933, 34.2278332], [-118.4855074, 34.2278061], [-118.4855749, 34.2278305], [-118.4855607, 34.2278576]]]}, "properties": {"tile_id": "103001010C12B000_031311102120_r005_c010", "class": "small-vehicle", "score": 0.535, "long_side_px": 22.2, "heading_deg": 24.4}}, {"type": "Feature", "geometry": {"type": "Polygon", "coordinates": [[[-118.4762228, 34.2294173], [-118.4761499, 34.2294203], [-118.4761481, 34.2293893], [-118.4762209, 34.2293863], [-118.4762228, 34.2294173]]]}, "properties": {"tile_id": "103001010C12B000_031311102120_r005_c013", "class": "ship", "score": 0.736, "long_side_px": 22.0, "heading_deg": 178.0}}, {"type": "Feature", "geometry": {"type": "Polygon", "coordinates": [[[-118.4762267, 34.2293735], [-118.4761554, 34.2293727], [-118.4761558, 34.2293425], [-118.4762272, 34.2293433], [-118.4762267, 34.2293735]]]}, "properties": {"tile_id": "103001010C12B000_031311102120_r005_c013", "class": "ship", "score": 0.644, "long_side_px": 21.5, "heading_deg": 1.6}}, {"type": "Feature", "geometry": {"type": "Polygon", "coordinates": [[[-118.4760215, 34.2292261], [-118.4759571, 34.2292268], [-118.4759568, 34.2292016], [-118.4760211, 34.2292009], [-118.4760215, 34.2292261]]]}, "properties": {"tile_id": "103001010C12B000_031311102120_r005_c013", "class": "ship", "score": 0.641, "long_side_px": 19.4, "heading_deg": 0.1}}, {"type": "Feature", "geometry": {"type": "Polygon", "coordinates": [[[-118.4760256, 34.229373], [-118.4759496, 34.2293704], [-118.475951, 34.229342], [-118.476027, 34.2293445], [-118.4760256, 34.229373]]]}, "properties": {"tile_id": "103001010C12B000_031311102120_r005_c013", "class": "ship", "score": 0.635, "long_side_px": 23.0, "heading_deg": 3.2}}, {"type": "Feature", "geometry": {"type": "Polygon", "coordinates": [[[-118.4762281, 34.2294598], [-118.4761559, 34.2294656], [-118.4761526, 34.2294379], [-118.4762249, 34.2294321], [-118.4762281, 34.2294598]]]}, "properties": {"tile_id": "103001010C12B000_031311102120_r005_c013", "class": "ship", "score": 0.617, "long_side_px": 21.9, "heading_deg": 175.3}}, {"type": "Feature", "geometry": {"type": "Polygon", "coordinates": [[[-118.4760165, 34.2292518], [-118.4759559, 34.2292516], [-118.475956, 34.2292266], [-118.4760166, 34.2292267], [-118.4760165, 34.2292518]]]}, "properties": {"tile_id": "103001010C12B000_031311102120_r005_c013", "class": "ship", "score": 0.6, "long_side_px": 18.3, "heading_deg": 1.0}}, {"type": "Feature", "geometry": {"type": "Polygon", "coordinates": [[[-118.4760718, 34.2283707], [-118.4760083, 34.2283721], [-118.4760074, 34.2283452], [-118.4760709, 34.2283437], [-118.4760718, 34.2283707]]]}, "properties": {"tile_id": "103001010C12B000_031311102120_r005_c013", "class": "small-vehicle", "score": 0.582, "long_side_px": 19.2, "heading_deg": 179.3}}, {"type": "Feature", "geometry": {"type": "Polygon", "coordinates": [[[-118.4760765, 34.229347], [-118.475963, 34.2293448], [-118.4759639, 34.2293159], [-118.4760773, 34.2293181], [-118.4760765, 34.229347]]]}, "properties": {"tile_id": "103001010C12B000_031311102120_r005_c013", "class": "ship", "score": 0.572, "long_side_px": 34.2, "heading_deg": 2.2}}, {"type": "Feature", "geometry": {"type": "Polygon", "coordinates": [[[-118.476711, 34.2284332], [-118.4766389, 34.2284378], [-118.476636, 34.2284063], [-118.4767081, 34.2284018], [-118.476711, 34.2284332]]]}, "properties": {"tile_id": "103001010C12B000_031311102120_r005_c013", "class": "small-vehicle", "score": 0.56, "long_side_px": 21.8, "heading_deg": 176.5}}, {"type": "Feature", "geometry": {"type": "Polygon", "coordinates": [[[-118.4760895, 34.2293919], [-118.4760189, 34.2293953], [-118.4760171, 34.2293686], [-118.4760877, 34.2293653], [-118.4760895, 34.2293919]]]}, "properties": {"tile_id": "103001010C12B000_031311102120_r005_c013", "class": "ship", "score": 0.545, "long_side_px": 21.3, "heading_deg": 177.6}}, {"type": "Feature", "geometry": {"type": "Polygon", "coordinates": [[[-118.4760855, 34.2292497], [-118.476021, 34.2292496], [-118.4760211, 34.2292219], [-118.4760856, 34.229222], [-118.4760855, 34.2292497]]]}, "properties": {"tile_id": "103001010C12B000_031311102120_r005_c013", "class": "ship", "score": 0.541, "long_side_px": 19.5, "heading_deg": 0.9}}, {"type": "Feature", "geometry": {"type": "Polygon", "coordinates": [[[-118.4760916, 34.2292042], [-118.4760235, 34.2292047], [-118.4760233, 34.2291754], [-118.4760914, 34.229175], [-118.4760916, 34.2292042]]]}, "properties": {"tile_id": "103001010C12B000_031311102120_r005_c013", "class": "ship", "score": 0.537, "long_side_px": 20.6, "heading_deg": 0.4}}, {"type": "Feature", "geometry": {"type": "Polygon", "coordinates": [[[-118.4741403, 34.2284558], [-118.4740759, 34.2284127], [-118.4741004, 34.2283875], [-118.4741647, 34.2284305], [-118.4741403, 34.2284558]]]}, "properties": {"tile_id": "103001010C12B000_031311102120_r005_c014", "class": "small-vehicle", "score": 0.649, "long_side_px": 25.0, "heading_deg": 39.7}}, {"type": "Feature", "geometry": {"type": "Polygon", "coordinates": [[[-118.4732935, 34.2268727], [-118.4732597, 34.2268683], [-118.4732697, 34.2268163], [-118.4733035, 34.2268208], [-118.4732935, 34.2268727]]]}, "properties": {"tile_id": "103001010C12B000_031311102120_r005_c014", "class": "small-vehicle", "score": 0.547, "long_side_px": 19.1, "heading_deg": 99.9}}, {"type": "Feature", "geometry": {"type": "Polygon", "coordinates": [[[-118.4679329, 34.2280875], [-118.4678697, 34.2281301], [-118.4678433, 34.2281031], [-118.4679065, 34.2280605], [-118.4679329, 34.2280875]]]}, "properties": {"tile_id": "103001010C12B000_031311102120_r005_c015", "class": "small-vehicle", "score": 0.56, "long_side_px": 24.6, "heading_deg": 141.8}}, {"type": "Feature", "geometry": {"type": "Polygon", "coordinates": [[[-118.4682728, 34.2286885], [-118.4681899, 34.2286841], [-118.4681926, 34.2286496], [-118.4682754, 34.2286541], [-118.4682728, 34.2286885]]]}, "properties": {"tile_id": "103001010C12B000_031311102120_r005_c015", "class": "small-vehicle", "score": 0.529, "long_side_px": 25.1, "heading_deg": 4.5}}, {"type": "Feature", "geometry": {"type": "Polygon", "coordinates": [[[-118.5019453, 34.2241119], [-118.5019109, 34.2241102], [-118.5019151, 34.2240523], [-118.5019495, 34.2240541], [-118.5019453, 34.2241119]]]}, "properties": {"tile_id": "103001010C12B000_031311102120_r006_c005", "class": "small-vehicle", "score": 0.681, "long_side_px": 21.1, "heading_deg": 94.3}}, {"type": "Feature", "geometry": {"type": "Polygon", "coordinates": [[[-118.5027637, 34.2239793], [-118.5027292, 34.2239781], [-118.502732, 34.2239228], [-118.5027665, 34.223924], [-118.5027637, 34.2239793]]]}, "properties": {"tile_id": "103001010C12B000_031311102120_r006_c005", "class": "small-vehicle", "score": 0.667, "long_side_px": 20.1, "heading_deg": 93.3}}, {"type": "Feature", "geometry": {"type": "Polygon", "coordinates": [[[-118.5019774, 34.2241127], [-118.5019464, 34.2241116], [-118.5019494, 34.2240562], [-118.5019804, 34.2240574], [-118.5019774, 34.2241127]]]}, "properties": {"tile_id": "103001010C12B000_031311102120_r006_c005", "class": "small-vehicle", "score": 0.615, "long_side_px": 20.1, "heading_deg": 93.4}}, {"type": "Feature", "geometry": {"type": "Polygon", "coordinates": [[[-118.5027651, 34.2241852], [-118.5027311, 34.2241864], [-118.502728, 34.2241297], [-118.502762, 34.2241284], [-118.5027651, 34.2241852]]]}, "properties": {"tile_id": "103001010C12B000_031311102120_r006_c005", "class": "small-vehicle", "score": 0.604, "long_side_px": 20.6, "heading_deg": 88.2}}, {"type": "Feature", "geometry": {"type": "Polygon", "coordinates": [[[-118.5020305, 34.2246991], [-118.5019545, 34.2247053], [-118.5019508, 34.2246745], [-118.5020268, 34.2246683], [-118.5020305, 34.2246991]]]}, "properties": {"tile_id": "103001010C12B000_031311102120_r006_c005", "class": "small-vehicle", "score": 0.6, "long_side_px": 23.0, "heading_deg": 175.2}}, {"type": "Feature", "geometry": {"type": "Polygon", "coordinates": [[[-118.5022179, 34.224973], [-118.502138, 34.2249798], [-118.5021342, 34.2249493], [-118.5022142, 34.2249424], [-118.5022179, 34.224973]]]}, "properties": {"tile_id": "103001010C12B000_031311102120_r006_c005", "class": "ship", "score": 0.593, "long_side_px": 24.2, "heading_deg": 175.0}}, {"type": "Feature", "geometry": {"type": "Polygon", "coordinates": [[[-118.5027035, 34.2245259], [-118.5026645, 34.2245253], [-118.5026658, 34.2244674], [-118.5027048, 34.2244681], [-118.5027035, 34.2245259]]]}, "properties": {"tile_id": "103001010C12B000_031311102120_r006_c005", "class": "small-vehicle", "score": 0.56, "long_side_px": 21.0, "heading_deg": 91.9}}, {"type": "Feature", "geometry": {"type": "Polygon", "coordinates": [[[-118.5027483, 34.2254631], [-118.5027123, 34.2254588], [-118.5027206, 34.22541], [-118.5027567, 34.2254143], [-118.5027483, 34.2254631]]]}, "properties": {"tile_id": "103001010C12B000_031311102120_r006_c005", "class": "small-vehicle", "score": 0.558, "long_side_px": 17.9, "heading_deg": 99.0}}, {"type": "Feature", "geometry": {"type": "Polygon", "coordinates": [[[-118.5022485, 34.225601], [-118.5021755, 34.2256112], [-118.5021691, 34.2255794], [-118.5022421, 34.2255692], [-118.5022485, 34.225601]]]}, "properties": {"tile_id": "103001010C12B000_031311102120_r006_c005", "class": "small-vehicle", "score": 0.535, "long_side_px": 22.3, "heading_deg": 171.3}}, {"type": "Feature", "geometry": {"type": "Polygon", "coordinates": [[[-118.5027567, 34.2238286], [-118.5027214, 34.2238223], [-118.5027368, 34.2237625], [-118.5027721, 34.2237688], [-118.5027567, 34.2238286]]]}, "properties": {"tile_id": "103001010C12B000_031311102120_r006_c005", "class": "small-vehicle", "score": 0.531, "long_side_px": 22.2, "heading_deg": 102.9}}, {"type": "Feature", "geometry": {"type": "Polygon", "coordinates": [[[-118.5022489, 34.2254666], [-118.5021806, 34.225472], [-118.5021771, 34.2254413], [-118.5022454, 34.2254358], [-118.5022489, 34.2254666]]]}, "properties": {"tile_id": "103001010C12B000_031311102120_r006_c005", "class": "small-vehicle", "score": 0.529, "long_side_px": 20.7, "heading_deg": 175.3}}, {"type": "Feature", "geometry": {"type": "Polygon", "coordinates": [[[-118.5022405, 34.2255393], [-118.5021713, 34.2255391], [-118.5021715, 34.2255091], [-118.5022406, 34.2255093], [-118.5022405, 34.2255393]]]}, "properties": {"tile_id": "103001010C12B000_031311102120_r006_c005", "class": "small-vehicle", "score": 0.529, "long_side_px": 20.9, "heading_deg": 1.1}}, {"type": "Feature", "geometry": {"type": "Polygon", "coordinates": [[[-118.5005652, 34.2246445], [-118.5004867, 34.2246261], [-118.5004975, 34.2245943], [-118.500576, 34.2246126], [-118.5005652, 34.2246445]]]}, "properties": {"tile_id": "103001010C12B000_031311102120_r006_c006", "class": "small-vehicle", "score": 0.623, "long_side_px": 24.6, "heading_deg": 16.6}}, {"type": "Feature", "geometry": {"type": "Polygon", "coordinates": [[[-118.5003646, 34.2250727], [-118.5002983, 34.225056], [-118.50031, 34.2250239], [-118.5003763, 34.2250406], [-118.5003646, 34.2250727]]]}, "properties": {"tile_id": "103001010C12B000_031311102120_r006_c006", "class": "small-vehicle", "score": 0.613, "long_side_px": 20.9, "heading_deg": 17.7}}, {"type": "Feature", "geometry": {"type": "Polygon", "coordinates": [[[-118.5006193, 34.2245033], [-118.5005526, 34.2244866], [-118.5005627, 34.2244588], [-118.5006294, 34.2244755], [-118.5006193, 34.2245033]]]}, "properties": {"tile_id": "103001010C12B000_031311102120_r006_c006", "class": "small-vehicle", "score": 0.606, "long_side_px": 21.0, "heading_deg": 17.6}}, {"type": "Feature", "geometry": {"type": "Polygon", "coordinates": [[[-118.5005462, 34.2243316], [-118.5004653, 34.2243036], [-118.5004812, 34.2242719], [-118.5005621, 34.2242999], [-118.5005462, 34.2243316]]]}, "properties": {"tile_id": "103001010C12B000_031311102120_r006_c006", "class": "small-vehicle", "score": 0.545, "long_side_px": 26.5, "heading_deg": 23.4}}, {"type": "Feature", "geometry": {"type": "Polygon", "coordinates": [[[-118.4990519, 34.2238232], [-118.4989537, 34.2238047], [-118.4989642, 34.2237659], [-118.4990625, 34.2237844], [-118.4990519, 34.2238232]]]}, "properties": {"tile_id": "103001010C12B000_031311102120_r006_c006", "class": "ship", "score": 0.527, "long_side_px": 30.4, "heading_deg": 13.6}}, {"type": "Feature", "geometry": {"type": "Polygon", "coordinates": [[[-118.5006317, 34.2244771], [-118.500566, 34.2244586], [-118.5005768, 34.2244324], [-118.5006424, 34.2244509], [-118.5006317, 34.2244771]]]}, "properties": {"tile_id": "103001010C12B000_031311102120_r006_c006", "class": "small-vehicle", "score": 0.527, "long_side_px": 20.9, "heading_deg": 19.6}}, {"type": "Feature", "geometry": {"type": "Polygon", "coordinates": [[[-118.4943465, 34.2240877], [-118.4941923, 34.2240942], [-118.4941894, 34.2240464], [-118.4943436, 34.2240399], [-118.4943465, 34.2240877]]]}, "properties": {"tile_id": "103001010C12B000_031311102120_r006_c008", "class": "ship", "score": 0.686, "long_side_px": 46.6, "heading_deg": 178.0}}, {"type": "Feature", "geometry": {"type": "Polygon", "coordinates": [[[-118.4943324, 34.2239384], [-118.4942513, 34.2239423], [-118.494249, 34.2239089], [-118.4943301, 34.2239051], [-118.4943324, 34.2239384]]]}, "properties": {"tile_id": "103001010C12B000_031311102120_r006_c008", "class": "ship", "score": 0.667, "long_side_px": 24.5, "heading_deg": 177.6}}, {"type": "Feature", "geometry": {"type": "Polygon", "coordinates": [[[-118.4943221, 34.2239089], [-118.4941937, 34.2239148], [-118.4941911, 34.223876], [-118.4943195, 34.2238701], [-118.4943221, 34.2239089]]]}, "properties": {"tile_id": "103001010C12B000_031311102120_r006_c008", "class": "ship", "score": 0.653, "long_side_px": 38.8, "heading_deg": 177.7}}, {"type": "Feature", "geometry": {"type": "Polygon", "coordinates": [[[-118.4942624, 34.2239954], [-118.4941862, 34.223997], [-118.494185, 34.2239581], [-118.4942612, 34.2239565], [-118.4942624, 34.2239954]]]}, "properties": {"tile_id": "103001010C12B000_031311102120_r006_c008", "class": "ship", "score": 0.649, "long_side_px": 23.0, "heading_deg": 179.4}}, {"type": "Feature", "geometry": {"type": "Polygon", "coordinates": [[[-118.4943338, 34.223862], [-118.4942289, 34.2238656], [-118.4942269, 34.223826], [-118.4943318, 34.2238224], [-118.4943338, 34.223862]]]}, "properties": {"tile_id": "103001010C12B000_031311102120_r006_c008", "class": "ship", "score": 0.6, "long_side_px": 31.7, "heading_deg": 178.4}}, {"type": "Feature", "geometry": {"type": "Polygon", "coordinates": [[[-118.4733936, 34.2241256], [-118.4733531, 34.2241217], [-118.4733627, 34.2240518], [-118.4734032, 34.2240557], [-118.4733936, 34.2241256]]]}, "properties": {"tile_id": "103001010C12B000_031311102120_r006_c014", "class": "small-vehicle", "score": 0.609, "long_side_px": 25.6, "heading_deg": 97.3}}, {"type": "Feature", "geometry": {"type": "Polygon", "coordinates": [[[-118.4733196, 34.2250973], [-118.4732823, 34.2250971], [-118.4732827, 34.2250303], [-118.4733199, 34.2250304], [-118.4733196, 34.2250973]]]}, "properties": {"tile_id": "103001010C12B000_031311102120_r006_c014", "class": "small-vehicle", "score": 0.602, "long_side_px": 24.3, "heading_deg": 91.1}}, {"type": "Feature", "geometry": {"type": "Polygon", "coordinates": [[[-118.4733207, 34.2266482], [-118.4732803, 34.2266487], [-118.4732792, 34.2265796], [-118.4733196, 34.2265792], [-118.4733207, 34.2266482]]]}, "properties": {"tile_id": "103001010C12B000_031311102120_r006_c014", "class": "small-vehicle", "score": 0.6, "long_side_px": 25.1, "heading_deg": 90.1}}, {"type": "Feature", "geometry": {"type": "Polygon", "coordinates": [[[-118.4732842, 34.2251659], [-118.4732527, 34.225164], [-118.4732577, 34.2251083], [-118.4732891, 34.2251102], [-118.4732842, 34.2251659]]]}, "properties": {"tile_id": "103001010C12B000_031311102120_r006_c014", "class": "small-vehicle", "score": 0.582, "long_side_px": 20.3, "heading_deg": 95.1}}, {"type": "Feature", "geometry": {"type": "Polygon", "coordinates": [[[-118.4732441, 34.2264352], [-118.4732096, 34.2264372], [-118.4732044, 34.2263739], [-118.4732388, 34.2263719], [-118.4732441, 34.2264352]]]}, "properties": {"tile_id": "103001010C12B000_031311102120_r006_c014", "class": "small-vehicle", "score": 0.572, "long_side_px": 23.0, "heading_deg": 86.9}}, {"type": "Feature", "geometry": {"type": "Polygon", "coordinates": [[[-118.4731303, 34.225045], [-118.4730922, 34.2250462], [-118.4730892, 34.2249827], [-118.4731273, 34.2249814], [-118.4731303, 34.225045]]]}, "properties": {"tile_id": "103001010C12B000_031311102120_r006_c014", "class": "small-vehicle", "score": 0.531, "long_side_px": 23.1, "heading_deg": 88.6}}, {"type": "Feature", "geometry": {"type": "Polygon", "coordinates": [[[-118.473329, 34.2248947], [-118.4732905, 34.2248882], [-118.4733051, 34.224828], [-118.4733436, 34.2248345], [-118.473329, 34.2248947]]]}, "properties": {"tile_id": "103001010C12B000_031311102120_r006_c014", "class": "small-vehicle", "score": 0.529, "long_side_px": 22.3, "heading_deg": 102.2}}, {"type": "Feature", "geometry": {"type": "Polygon", "coordinates": [[[-118.4694364, 34.2258896], [-118.4693606, 34.2258872], [-118.469362, 34.2258562], [-118.4694378, 34.2258586], [-118.4694364, 34.2258896]]]}, "properties": {"tile_id": "103001010C12B000_031311102120_r006_c015", "class": "small-vehicle", "score": 0.667, "long_side_px": 22.9, "heading_deg": 3.0}}, {"type": "Feature", "geometry": {"type": "Polygon", "coordinates": [[[-118.4685148, 34.224149], [-118.4683923, 34.2241554], [-118.4683895, 34.2241191], [-118.468512, 34.2241127], [-118.4685148, 34.224149]]]}, "properties": {"tile_id": "103001010C12B000_031311102120_r006_c015", "class": "ship", "score": 0.633, "long_side_px": 37.1, "heading_deg": 177.2}}, {"type": "Feature", "geometry": {"type": "Polygon", "coordinates": [[[-118.4679632, 34.2245612], [-118.4678835, 34.2245692], [-118.4678788, 34.2245369], [-118.4679585, 34.2245289], [-118.4679632, 34.2245612]]]}, "properties": {"tile_id": "103001010C12B000_031311102120_r006_c015", "class": "small-vehicle", "score": 0.607, "long_side_px": 24.2, "heading_deg": 173.9}}, {"type": "Feature", "geometry": {"type": "Polygon", "coordinates": [[[-118.4678268, 34.2250994], [-118.4677867, 34.2250988], [-118.4677881, 34.2250416], [-118.4678282, 34.2250423], [-118.4678268, 34.2250994]]]}, "properties": {"tile_id": "103001010C12B000_031311102120_r006_c015", "class": "small-vehicle", "score": 0.582, "long_side_px": 20.8, "heading_deg": 92.0}}, {"type": "Feature", "geometry": {"type": "Polygon", "coordinates": [[[-118.4685174, 34.2242268], [-118.4683873, 34.2242293], [-118.4683862, 34.2241926], [-118.4685163, 34.2241901], [-118.4685174, 34.2242268]]]}, "properties": {"tile_id": "103001010C12B000_031311102120_r006_c015", "class": "ship", "score": 0.578, "long_side_px": 39.3, "heading_deg": 179.5}}, {"type": "Feature", "geometry": {"type": "Polygon", "coordinates": [[[-118.4679291, 34.2245344], [-118.4678617, 34.2245391], [-118.467859, 34.224512], [-118.4679264, 34.2245073], [-118.4679291, 34.2245344]]]}, "properties": {"tile_id": "103001010C12B000_031311102120_r006_c015", "class": "small-vehicle", "score": 0.572, "long_side_px": 20.4, "heading_deg": 176.1}}, {"type": "Feature", "geometry": {"type": "Polygon", "coordinates": [[[-118.469915, 34.2262123], [-118.4698742, 34.2262115], [-118.4698762, 34.2261387], [-118.469917, 34.2261395], [-118.469915, 34.2262123]]]}, "properties": {"tile_id": "103001010C12B000_031311102120_r006_c015", "class": "small-vehicle", "score": 0.537, "long_side_px": 26.5, "heading_deg": 92.1}}, {"type": "Feature", "geometry": {"type": "Polygon", "coordinates": [[[-118.4658692, 34.2247009], [-118.4657994, 34.2247027], [-118.4657982, 34.22467], [-118.465868, 34.2246683], [-118.4658692, 34.2247009]]]}, "properties": {"tile_id": "103001010C12B000_031311102120_r006_c016", "class": "small-vehicle", "score": 0.531, "long_side_px": 21.1, "heading_deg": 179.1}}, {"type": "Feature", "geometry": {"type": "Polygon", "coordinates": [[[-118.5199311, 34.2215059], [-118.5198567, 34.2214801], [-118.5198722, 34.2214492], [-118.5199466, 34.2214749], [-118.5199311, 34.2215059]]]}, "properties": {"tile_id": "103001010C12B000_031311102120_r007_c000", "class": "small-vehicle", "score": 0.703, "long_side_px": 24.3, "heading_deg": 23.4}}, {"type": "Feature", "geometry": {"type": "Polygon", "coordinates": [[[-118.5134437, 34.2211259], [-118.5133832, 34.2211668], [-118.5133593, 34.2211424], [-118.5134199, 34.2211015], [-118.5134437, 34.2211259]]]}, "properties": {"tile_id": "103001010C12B000_031311102120_r007_c002", "class": "small-vehicle", "score": 0.739, "long_side_px": 23.5, "heading_deg": 141.7}}, {"type": "Feature", "geometry": {"type": "Polygon", "coordinates": [[[-118.5144392, 34.2210069], [-118.5143674, 34.2210093], [-118.5143659, 34.2209779], [-118.5144377, 34.2209756], [-118.5144392, 34.2210069]]]}, "properties": {"tile_id": "103001010C12B000_031311102120_r007_c002", "class": "small-vehicle", "score": 0.593, "long_side_px": 21.7, "heading_deg": 178.6}}, {"type": "Feature", "geometry": {"type": "Polygon", "coordinates": [[[-118.5123268, 34.2210651], [-118.512251, 34.2210713], [-118.5122471, 34.2210381], [-118.5123229, 34.2210318], [-118.5123268, 34.2210651]]]}, "properties": {"tile_id": "103001010C12B000_031311102120_r007_c002", "class": "small-vehicle", "score": 0.578, "long_side_px": 23.0, "heading_deg": 175.2}}, {"type": "Feature", "geometry": {"type": "Polygon", "coordinates": [[[-118.5048683, 34.222516], [-118.5047354, 34.2225239], [-118.5046963, 34.2220683], [-118.5048292, 34.2220604], [-118.5048683, 34.222516]]]}, "properties": {"tile_id": "103001010C12B000_031311102120_r007_c004", "class": "large-vehicle", "score": 0.681, "long_side_px": 166.0, "heading_deg": 86.8}}, {"type": "Feature", "geometry": {"type": "Polygon", "coordinates": [[[-118.5062429, 34.2221432], [-118.5056146, 34.2221591], [-118.5056105, 34.2220456], [-118.5062387, 34.2220297], [-118.5062429, 34.2221432]]]}, "properties": {"tile_id": "103001010C12B000_031311102120_r007_c004", "class": "large-vehicle", "score": 0.672, "long_side_px": 189.8, "heading_deg": 179.1}}, {"type": "Feature", "geometry": {"type": "Polygon", "coordinates": [[[-118.5058445, 34.2214329], [-118.505778, 34.2214509], [-118.5057664, 34.2214214], [-118.505833, 34.2214034], [-118.5058445, 34.2214329]]]}, "properties": {"tile_id": "103001010C12B000_031311102120_r007_c004", "class": "small-vehicle", "score": 0.58, "long_side_px": 21.1, "heading_deg": 162.8}}, {"type": "Feature", "geometry": {"type": "Polygon", "coordinates": [[[-118.5046971, 34.2224807], [-118.5046469, 34.2224819], [-118.5046315, 34.2220597], [-118.5046817, 34.2220585], [-118.5046971, 34.2224807]]]}, "properties": {"tile_id": "103001010C12B000_031311102120_r007_c004", "class": "large-vehicle", "score": 0.572, "long_side_px": 153.5, "heading_deg": 89.1}}, {"type": "Feature", "geometry": {"type": "Polygon", "coordinates": [[[-118.506233, 34.2220092], [-118.5056317, 34.2220088], [-118.5056318, 34.2218905], [-118.5062331, 34.2218909], [-118.506233, 34.2220092]]]}, "properties": {"tile_id": "103001010C12B000_031311102120_r007_c004", "class": "large-vehicle", "score": 0.56, "long_side_px": 181.5, "heading_deg": 0.9}}, {"type": "Feature", "geometry": {"type": "Polygon", "coordinates": [[[-118.5073021, 34.2230837], [-118.5072735, 34.2230778], [-118.5072864, 34.2230343], [-118.5073151, 34.2230402], [-118.5073021, 34.2230837]]]}, "properties": {"tile_id": "103001010C12B000_031311102120_r007_c004", "class": "small-vehicle", "score": 0.56, "long_side_px": 16.3, "heading_deg": 104.7}}, {"type": "Feature", "geometry": {"type": "Polygon", "coordinates": [[[-118.5076125, 34.2211871], [-118.507538, 34.2211881], [-118.5075374, 34.221156], [-118.5076119, 34.2211549], [-118.5076125, 34.2211871]]]}, "properties": {"tile_id": "103001010C12B000_031311102120_r007_c004", "class": "small-vehicle", "score": 0.557, "long_side_px": 22.5, "heading_deg": 179.9}}, {"type": "Feature", "geometry": {"type": "Polygon", "coordinates": [[[-118.5059394, 34.2212456], [-118.5058618, 34.2212485], [-118.50586, 34.2212157], [-118.5059376, 34.2212128], [-118.5059394, 34.2212456]]]}, "properties": {"tile_id": "103001010C12B000_031311102120_r007_c004", "class": "small-vehicle", "score": 0.547, "long_side_px": 23.5, "heading_deg": 178.3}}, {"type": "Feature", "geometry": {"type": "Polygon", "coordinates": [[[-118.5064034, 34.2215055], [-118.506341, 34.2215103], [-118.506338, 34.2214835], [-118.5064004, 34.2214787], [-118.5064034, 34.2215055]]]}, "properties": {"tile_id": "103001010C12B000_031311102120_r007_c004", "class": "small-vehicle", "score": 0.545, "long_side_px": 18.9, "heading_deg": 175.5}}, {"type": "Feature", "geometry": {"type": "Polygon", "coordinates": [[[-118.5024028, 34.2234304], [-118.502333, 34.2234371], [-118.5023285, 34.2234051], [-118.5023984, 34.2233984], [-118.5024028, 34.2234304]]]}, "properties": {"tile_id": "103001010C12B000_031311102120_r007_c005", "class": "small-vehicle", "score": 0.731, "long_side_px": 21.2, "heading_deg": 174.3}}, {"type": "Feature", "geometry": {"type": "Polygon", "coordinates": [[[-118.5025473, 34.2209721], [-118.5025115, 34.2209726], [-118.5025103, 34.2209114], [-118.502546, 34.2209109], [-118.5025473, 34.2209721]]]}, "properties": {"tile_id": "103001010C12B000_031311102120_r007_c005", "class": "small-vehicle", "score": 0.696, "long_side_px": 22.2, "heading_deg": 89.9}}, {"type": "Feature", "geometry": {"type": "Polygon", "coordinates": [[[-118.5021985, 34.2229787], [-118.5021316, 34.2229826], [-118.5021292, 34.2229543], [-118.5021961, 34.2229503], [-118.5021985, 34.2229787]]]}, "properties": {"tile_id": "103001010C12B000_031311102120_r007_c005", "class": "small-vehicle", "score": 0.676, "long_side_px": 20.2, "heading_deg": 176.8}}, {"type": "Feature", "geometry": {"type": "Polygon", "coordinates": [[[-118.5023519, 34.2233678], [-118.5023067, 34.223369], [-118.5023032, 34.2232773], [-118.5023484, 34.2232762], [-118.5023519, 34.2233678]]]}, "properties": {"tile_id": "103001010C12B000_031311102120_r007_c005", "class": "small-vehicle", "score": 0.666, "long_side_px": 33.3, "heading_deg": 89.0}}, {"type": "Feature", "geometry": {"type": "Polygon", "coordinates": [[[-118.5024569, 34.2212316], [-118.5023824, 34.2212377], [-118.5023786, 34.221205], [-118.502453, 34.2211989], [-118.5024569, 34.2212316]]]}, "properties": {"tile_id": "103001010C12B000_031311102120_r007_c005", "class": "small-vehicle", "score": 0.657, "long_side_px": 22.6, "heading_deg": 175.2}}, {"type": "Feature", "geometry": {"type": "Polygon", "coordinates": [[[-118.5019964, 34.2226165], [-118.5019631, 34.222609], [-118.5019799, 34.2225578], [-118.5020132, 34.2225653], [-118.5019964, 34.2226165]]]}, "properties": {"tile_id": "103001010C12B000_031311102120_r007_c005", "class": "small-vehicle", "score": 0.617, "long_side_px": 19.3, "heading_deg": 106.1}}, {"type": "Feature", "geometry": {"type": "Polygon", "coordinates": [[[-118.5024022, 34.223497], [-118.5023358, 34.2235033], [-118.5023315, 34.2234721], [-118.5023979, 34.2234658], [-118.5024022, 34.223497]]]}, "properties": {"tile_id": "103001010C12B000_031311102120_r007_c005", "class": "small-vehicle", "score": 0.611, "long_side_px": 20.2, "heading_deg": 174.3}}, {"type": "Feature", "geometry": {"type": "Polygon", "coordinates": [[[-118.5020627, 34.2234908], [-118.5019843, 34.2234952], [-118.5019817, 34.2234635], [-118.5020601, 34.223459], [-118.5020627, 34.2234908]]]}, "properties": {"tile_id": "103001010C12B000_031311102120_r007_c005", "class": "small-vehicle", "score": 0.604, "long_side_px": 23.7, "heading_deg": 176.9}}, {"type": "Feature", "geometry": {"type": "Polygon", "coordinates": [[[-118.50161, 34.2224837], [-118.5015746, 34.222476], [-118.5015929, 34.222418], [-118.5016283, 34.2224257], [-118.50161, 34.2224837]]]}, "properties": {"tile_id": "103001010C12B000_031311102120_r007_c005", "class": "small-vehicle", "score": 0.602, "long_side_px": 21.8, "heading_deg": 105.5}}, {"type": "Feature", "geometry": {"type": "Polygon", "coordinates": [[[-118.5025863, 34.2209751], [-118.5025508, 34.220975], [-118.5025509, 34.2209185], [-118.5025864, 34.2209185], [-118.5025863, 34.2209751]]]}, "properties": {"tile_id": "103001010C12B000_031311102120_r007_c005", "class": "small-vehicle", "score": 0.602, "long_side_px": 20.5, "heading_deg": 91.0}}, {"type": "Feature", "geometry": {"type": "Polygon", "coordinates": [[[-118.5023465, 34.2211163], [-118.5023093, 34.2211194], [-118.5023022, 34.2210612], [-118.5023393, 34.221058], [-118.5023465, 34.2211163]]]}, "properties": {"tile_id": "103001010C12B000_031311102120_r007_c005", "class": "small-vehicle", "score": 0.572, "long_side_px": 21.3, "heading_deg": 85.0}}, {"type": "Feature", "geometry": {"type": "Polygon", "coordinates": [[[-118.5020624, 34.2235368], [-118.5019882, 34.2235496], [-118.5019804, 34.2235187], [-118.5020547, 34.2235059], [-118.5020624, 34.2235368]]]}, "properties": {"tile_id": "103001010C12B000_031311102120_r007_c005", "class": "small-vehicle", "score": 0.564, "long_side_px": 22.9, "heading_deg": 169.1}}, {"type": "Feature", "geometry": {"type": "Polygon", "coordinates": [[[-118.5020524, 34.2233566], [-118.501991, 34.2233574], [-118.5019905, 34.2233276], [-118.5020519, 34.2233268], [-118.5020524, 34.2233566]]]}, "properties": {"tile_id": "103001010C12B000_031311102120_r007_c005", "class": "small-vehicle", "score": 0.564, "long_side_px": 18.5, "heading_deg": 179.9}}, {"type": "Feature", "geometry": {"type": "Polygon", "coordinates": [[[-118.5021905, 34.2234172], [-118.5021235, 34.2234279], [-118.5021164, 34.2233973], [-118.5021834, 34.2233866], [-118.5021905, 34.2234172]]]}, "properties": {"tile_id": "103001010C12B000_031311102120_r007_c005", "class": "small-vehicle", "score": 0.562, "long_side_px": 20.6, "heading_deg": 169.9}}, {"type": "Feature", "geometry": {"type": "Polygon", "coordinates": [[[-118.50185, 34.2230156], [-118.5017932, 34.2230199], [-118.50179, 34.2229911], [-118.5018468, 34.2229868], [-118.50185, 34.2230156]]]}, "properties": {"tile_id": "103001010C12B000_031311102120_r007_c005", "class": "small-vehicle", "score": 0.56, "long_side_px": 17.2, "heading_deg": 175.6}}, {"type": "Feature", "geometry": {"type": "Polygon", "coordinates": [[[-118.5024541, 34.2213208], [-118.502384, 34.2213202], [-118.5023843, 34.2212864], [-118.5024545, 34.221287], [-118.5024541, 34.2213208]]]}, "properties": {"tile_id": "103001010C12B000_031311102120_r007_c005", "class": "small-vehicle", "score": 0.557, "long_side_px": 21.2, "heading_deg": 1.4}}, {"type": "Feature", "geometry": {"type": "Polygon", "coordinates": [[[-118.5022663, 34.2229771], [-118.502207, 34.2229822], [-118.5022039, 34.2229576], [-118.5022632, 34.2229524], [-118.5022663, 34.2229771]]]}, "properties": {"tile_id": "103001010C12B000_031311102120_r007_c005", "class": "small-vehicle", "score": 0.555, "long_side_px": 18.0, "heading_deg": 174.9}}, {"type": "Feature", "geometry": {"type": "Polygon", "coordinates": [[[-118.5017385, 34.2214374], [-118.5016822, 34.2214411], [-118.5016798, 34.2214156], [-118.5017361, 34.2214119], [-118.5017385, 34.2214374]]]}, "properties": {"tile_id": "103001010C12B000_031311102120_r007_c005", "class": "small-vehicle", "score": 0.555, "long_side_px": 17.0, "heading_deg": 176.4}}, {"type": "Feature", "geometry": {"type": "Polygon", "coordinates": [[[-118.5018572, 34.2228802], [-118.5017853, 34.2228815], [-118.5017845, 34.2228527], [-118.5018564, 34.2228514], [-118.5018572, 34.2228802]]]}, "properties": {"tile_id": "103001010C12B000_031311102120_r007_c005", "class": "small-vehicle", "score": 0.553, "long_side_px": 21.7, "heading_deg": 179.6}}, {"type": "Feature", "geometry": {"type": "Polygon", "coordinates": [[[-118.5026823, 34.2217258], [-118.5026465, 34.221724], [-118.5026505, 34.2216679], [-118.5026863, 34.2216697], [-118.5026823, 34.2217258]]]}, "properties": {"tile_id": "103001010C12B000_031311102120_r007_c005", "class": "small-vehicle", "score": 0.545, "long_side_px": 20.4, "heading_deg": 94.2}}, {"type": "Feature", "geometry": {"type": "Polygon", "coordinates": [[[-118.5020742, 34.2229106], [-118.5019912, 34.222914], [-118.5019893, 34.2228825], [-118.5020723, 34.2228791], [-118.5020742, 34.2229106]]]}, "properties": {"tile_id": "103001010C12B000_031311102120_r007_c005", "class": "small-vehicle", "score": 0.543, "long_side_px": 25.1, "heading_deg": 178.0}}, {"type": "Feature", "geometry": {"type": "Polygon", "coordinates": [[[-118.5024408, 34.2227403], [-118.5023626, 34.2227524], [-118.5023556, 34.2227211], [-118.5024338, 34.222709], [-118.5024408, 34.2227403]]]}, "properties": {"tile_id": "103001010C12B000_031311102120_r007_c005", "class": "small-vehicle", "score": 0.535, "long_side_px": 24.0, "heading_deg": 170.3}}, {"type": "Feature", "geometry": {"type": "Polygon", "coordinates": [[[-118.5022712, 34.2235164], [-118.5021941, 34.2235257], [-118.5021882, 34.2234919], [-118.5022653, 34.2234826], [-118.5022712, 34.2235164]]]}, "properties": {"tile_id": "103001010C12B000_031311102120_r007_c005", "class": "small-vehicle", "score": 0.533, "long_side_px": 23.5, "heading_deg": 172.6}}, {"type": "Feature", "geometry": {"type": "Polygon", "coordinates": [[[-118.5021052, 34.2233934], [-118.5020667, 34.2233945], [-118.5020644, 34.2233388], [-118.5021029, 34.2233377], [-118.5021052, 34.2233934]]]}, "properties": {"tile_id": "103001010C12B000_031311102120_r007_c005", "class": "small-vehicle", "score": 0.531, "long_side_px": 20.3, "heading_deg": 88.8}}, {"type": "Feature", "geometry": {"type": "Polygon", "coordinates": [[[-118.5022656, 34.2229542], [-118.502207, 34.2229592], [-118.5022038, 34.222933], [-118.5022623, 34.222928], [-118.5022656, 34.2229542]]]}, "properties": {"tile_id": "103001010C12B000_031311102120_r007_c005", "class": "small-vehicle", "score": 0.527, "long_side_px": 17.8, "heading_deg": 174.9}}, {"type": "Feature", "geometry": {"type": "Polygon", "coordinates": [[[-118.5000286, 34.2209944], [-118.4999549, 34.2209801], [-118.4999646, 34.2209456], [-118.5000383, 34.2209599], [-118.5000286, 34.2209944]]]}, "properties": {"tile_id": "103001010C12B000_031311102120_r007_c006", "class": "small-vehicle", "score": 0.574, "long_side_px": 22.8, "heading_deg": 14.0}}, {"type": "Feature", "geometry": {"type": "Polygon", "coordinates": [[[-118.5002092, 34.2226413], [-118.5001098, 34.2226422], [-118.5001093, 34.2226026], [-118.5002087, 34.2226016], [-118.5002092, 34.2226413]]]}, "properties": {"tile_id": "103001010C12B000_031311102120_r007_c006", "class": "small-vehicle", "score": 0.57, "long_side_px": 30.0, "heading_deg": 0.2}}, {"type": "Feature", "geometry": {"type": "Polygon", "coordinates": [[[-118.4953818, 34.2226328], [-118.4953191, 34.2226446], [-118.4953112, 34.2226158], [-118.4953739, 34.222604], [-118.4953818, 34.2226328]]]}, "properties": {"tile_id": "103001010C12B000_031311102120_r007_c007", "class": "small-vehicle", "score": 0.553, "long_side_px": 19.4, "heading_deg": 168.1}}, {"type": "Feature", "geometry": {"type": "Polygon", "coordinates": [[[-118.4932585, 34.2211324], [-118.493195, 34.2211532], [-118.4931827, 34.2211271], [-118.4932462, 34.2211064], [-118.4932585, 34.2211324]]]}, "properties": {"tile_id": "103001010C12B000_031311102120_r007_c008", "class": "small-vehicle", "score": 0.553, "long_side_px": 20.6, "heading_deg": 159.4}}, {"type": "Feature", "geometry": {"type": "Polygon", "coordinates": [[[-118.4936997, 34.2210517], [-118.4936357, 34.2210846], [-118.493615, 34.2210568], [-118.4936791, 34.2210239], [-118.4936997, 34.2210517]]]}, "properties": {"tile_id": "103001010C12B000_031311102120_r007_c008", "class": "small-vehicle", "score": 0.541, "long_side_px": 22.7, "heading_deg": 149.1}}, {"type": "Feature", "geometry": {"type": "Polygon", "coordinates": [[[-118.4895889, 34.2232952], [-118.489555, 34.2232932], [-118.4895598, 34.2232386], [-118.4895937, 34.2232407], [-118.4895889, 34.2232952]]]}, "properties": {"tile_id": "103001010C12B000_031311102120_r007_c009", "class": "small-vehicle", "score": 0.578, "long_side_px": 19.9, "heading_deg": 95.0}}, {"type": "Feature", "geometry": {"type": "Polygon", "coordinates": [[[-118.4895983, 34.222534], [-118.4895626, 34.2225336], [-118.4895634, 34.2224821], [-118.4895991, 34.2224825], [-118.4895983, 34.222534]]]}, "properties": {"tile_id": "103001010C12B000_031311102120_r007_c009", "class": "small-vehicle", "score": 0.57, "long_side_px": 18.7, "heading_deg": 91.6}}, {"type": "Feature", "geometry": {"type": "Polygon", "coordinates": [[[-118.4886017, 34.2223705], [-118.4885184, 34.2223699], [-118.4885188, 34.222336], [-118.4886021, 34.2223366], [-118.4886017, 34.2223705]]]}, "properties": {"tile_id": "103001010C12B000_031311102120_r007_c009", "class": "small-vehicle", "score": 0.551, "long_side_px": 25.1, "heading_deg": 1.4}}, {"type": "Feature", "geometry": {"type": "Polygon", "coordinates": [[[-118.4878888, 34.2223616], [-118.4878121, 34.2223647], [-118.4878102, 34.2223318], [-118.4878869, 34.2223288], [-118.4878888, 34.2223616]]]}, "properties": {"tile_id": "103001010C12B000_031311102120_r007_c009", "class": "small-vehicle", "score": 0.545, "long_side_px": 23.2, "heading_deg": 178.1}}, {"type": "Feature", "geometry": {"type": "Polygon", "coordinates": [[[-118.4896025, 34.223002], [-118.48957, 34.223003], [-118.4895673, 34.2229427], [-118.4895998, 34.2229417], [-118.4896025, 34.223002]]]}, "properties": {"tile_id": "103001010C12B000_031311102120_r007_c009", "class": "small-vehicle", "score": 0.537, "long_side_px": 22.0, "heading_deg": 88.7}}, {"type": "Feature", "geometry": {"type": "Polygon", "coordinates": [[[-118.4865717, 34.221002], [-118.4864939, 34.2210048], [-118.4864923, 34.2209743], [-118.4865701, 34.2209715], [-118.4865717, 34.221002]]]}, "properties": {"tile_id": "103001010C12B000_031311102120_r007_c010", "class": "small-vehicle", "score": 0.727, "long_side_px": 23.5, "heading_deg": 178.3}}, {"type": "Feature", "geometry": {"type": "Polygon", "coordinates": [[[-118.4868355, 34.223489], [-118.4867647, 34.2234725], [-118.4867759, 34.2234393], [-118.4868467, 34.2234557], [-118.4868355, 34.223489]]]}, "properties": {"tile_id": "103001010C12B000_031311102120_r007_c010", "class": "small-vehicle", "score": 0.568, "long_side_px": 22.2, "heading_deg": 16.5}}, {"type": "Feature", "geometry": {"type": "Polygon", "coordinates": [[[-118.4844459, 34.2237997], [-118.4843746, 34.223834], [-118.4843538, 34.223804], [-118.4844251, 34.2237698], [-118.4844459, 34.2237997]]]}, "properties": {"tile_id": "103001010C12B000_031311102120_r007_c010", "class": "small-vehicle", "score": 0.553, "long_side_px": 24.9, "heading_deg": 150.8}}, {"type": "Feature", "geometry": {"type": "Polygon", "coordinates": [[[-118.4833839, 34.221366], [-118.4832848, 34.2213703], [-118.4832824, 34.2213316], [-118.4833815, 34.2213274], [-118.4833839, 34.221366]]]}, "properties": {"tile_id": "103001010C12B000_031311102120_r007_c011", "class": "small-vehicle", "score": 0.611, "long_side_px": 30.0, "heading_deg": 177.9}}, {"type": "Feature", "geometry": {"type": "Polygon", "coordinates": [[[-118.4829359, 34.221635], [-118.4828635, 34.2216398], [-118.4828604, 34.221607], [-118.4829327, 34.2216023], [-118.4829359, 34.221635]]]}, "properties": {"tile_id": "103001010C12B000_031311102120_r007_c011", "class": "small-vehicle", "score": 0.547, "long_side_px": 21.9, "heading_deg": 176.3}}, {"type": "Feature", "geometry": {"type": "Polygon", "coordinates": [[[-118.4825425, 34.2213758], [-118.4822578, 34.2213852], [-118.4822557, 34.2213418], [-118.4825404, 34.2213323], [-118.4825425, 34.2213758]]]}, "properties": {"tile_id": "103001010C12B000_031311102120_r007_c011", "class": "large-vehicle", "score": 0.537, "long_side_px": 86.0, "heading_deg": 178.5}}, {"type": "Feature", "geometry": {"type": "Polygon", "coordinates": [[[-118.4784427, 34.2213443], [-118.4783637, 34.2213494], [-118.4783606, 34.2213156], [-118.4784395, 34.2213105], [-118.4784427, 34.2213443]]]}, "properties": {"tile_id": "103001010C12B000_031311102120_r007_c012", "class": "small-vehicle", "score": 0.587, "long_side_px": 23.9, "heading_deg": 176.4}}, {"type": "Feature", "geometry": {"type": "Polygon", "coordinates": [[[-118.4776653, 34.2213458], [-118.4775837, 34.2213505], [-118.4775811, 34.2213192], [-118.4776626, 34.2213144], [-118.4776653, 34.2213458]]]}, "properties": {"tile_id": "103001010C12B000_031311102120_r007_c012", "class": "small-vehicle", "score": 0.574, "long_side_px": 24.7, "heading_deg": 176.8}}, {"type": "Feature", "geometry": {"type": "Polygon", "coordinates": [[[-118.4755199, 34.2218152], [-118.4754371, 34.2218171], [-118.475436, 34.221782], [-118.4755187, 34.2217802], [-118.4755199, 34.2218152]]]}, "properties": {"tile_id": "103001010C12B000_031311102120_r007_c013", "class": "small-vehicle", "score": 0.574, "long_side_px": 25.0, "heading_deg": 179.3}}, {"type": "Feature", "geometry": {"type": "Polygon", "coordinates": [[[-118.4767035, 34.2214363], [-118.4766276, 34.22145], [-118.4766197, 34.2214196], [-118.4766957, 34.221406], [-118.4767035, 34.2214363]]]}, "properties": {"tile_id": "103001010C12B000_031311102120_r007_c013", "class": "small-vehicle", "score": 0.566, "long_side_px": 23.5, "heading_deg": 168.6}}, {"type": "Feature", "geometry": {"type": "Polygon", "coordinates": [[[-118.4759549, 34.2214188], [-118.4758745, 34.2214285], [-118.4758686, 34.2213947], [-118.475949, 34.221385], [-118.4759549, 34.2214188]]]}, "properties": {"tile_id": "103001010C12B000_031311102120_r007_c013", "class": "small-vehicle", "score": 0.555, "long_side_px": 24.5, "heading_deg": 172.6}}, {"type": "Feature", "geometry": {"type": "Polygon", "coordinates": [[[-118.4744101, 34.2235777], [-118.4743289, 34.2235851], [-118.4743248, 34.2235542], [-118.4744061, 34.2235469], [-118.4744101, 34.2235777]]]}, "properties": {"tile_id": "103001010C12B000_031311102120_r007_c013", "class": "small-vehicle", "score": 0.533, "long_side_px": 24.7, "heading_deg": 174.6}}, {"type": "Feature", "geometry": {"type": "Polygon", "coordinates": [[[-118.4765472, 34.2223886], [-118.4765077, 34.2223859], [-118.476515, 34.2223115], [-118.4765545, 34.2223142], [-118.4765472, 34.2223886]]]}, "properties": {"tile_id": "103001010C12B000_031311102120_r007_c013", "class": "small-vehicle", "score": 0.531, "long_side_px": 27.1, "heading_deg": 95.5}}, {"type": "Feature", "geometry": {"type": "Polygon", "coordinates": [[[-118.47618, 34.2214198], [-118.4761047, 34.2214187], [-118.4761055, 34.2213854], [-118.4761807, 34.2213865], [-118.47618, 34.2214198]]]}, "properties": {"tile_id": "103001010C12B000_031311102120_r007_c013", "class": "small-vehicle", "score": 0.529, "long_side_px": 22.7, "heading_deg": 1.9}}, {"type": "Feature", "geometry": {"type": "Polygon", "coordinates": [[[-118.4774361, 34.2228864], [-118.4773605, 34.2228921], [-118.4773569, 34.2228593], [-118.4774326, 34.2228536], [-118.4774361, 34.2228864]]]}, "properties": {"tile_id": "103001010C12B000_031311102120_r007_c013", "class": "small-vehicle", "score": 0.527, "long_side_px": 22.9, "heading_deg": 175.7}}, {"type": "Feature", "geometry": {"type": "Polygon", "coordinates": [[[-118.4734351, 34.2236881], [-118.4733947, 34.2236844], [-118.4734037, 34.2236163], [-118.4734441, 34.22362], [-118.4734351, 34.2236881]]]}, "properties": {"tile_id": "103001010C12B000_031311102120_r007_c014", "class": "small-vehicle", "score": 0.653, "long_side_px": 24.9, "heading_deg": 97.1}}, {"type": "Feature", "geometry": {"type": "Polygon", "coordinates": [[[-118.4734284, 34.2237534], [-118.4733927, 34.2237498], [-118.4734013, 34.2236908], [-118.473437, 34.2236944], [-118.4734284, 34.2237534]]]}, "properties": {"tile_id": "103001010C12B000_031311102120_r007_c014", "class": "small-vehicle", "score": 0.623, "long_side_px": 21.6, "heading_deg": 97.7}}, {"type": "Feature", "geometry": {"type": "Polygon", "coordinates": [[[-118.4721359, 34.2222922], [-118.4721001, 34.2222917], [-118.4721011, 34.2222334], [-118.4721369, 34.2222339], [-118.4721359, 34.2222922]]]}, "properties": {"tile_id": "103001010C12B000_031311102120_r007_c014", "class": "small-vehicle", "score": 0.596, "long_side_px": 21.2, "heading_deg": 91.7}}, {"type": "Feature", "geometry": {"type": "Polygon", "coordinates": [[[-118.4736099, 34.2223169], [-118.4735758, 34.2223086], [-118.4735946, 34.2222556], [-118.4736287, 34.2222639], [-118.4736099, 34.2223169]]]}, "properties": {"tile_id": "103001010C12B000_031311102120_r007_c014", "class": "small-vehicle", "score": 0.553, "long_side_px": 20.1, "heading_deg": 107.3}}, {"type": "Feature", "geometry": {"type": "Polygon", "coordinates": [[[-118.4700759, 34.2231694], [-118.4699991, 34.2231713], [-118.469998, 34.2231413], [-118.4700748, 34.2231393], [-118.4700759, 34.2231694]]]}, "properties": {"tile_id": "103001010C12B000_031311102120_r007_c015", "class": "small-vehicle", "score": 0.617, "long_side_px": 23.2, "heading_deg": 179.1}}, {"type": "Feature", "geometry": {"type": "Polygon", "coordinates": [[[-118.4697748, 34.2224189], [-118.4697051, 34.2224192], [-118.4697049, 34.2223894], [-118.4697746, 34.2223891], [-118.4697748, 34.2224189]]]}, "properties": {"tile_id": "103001010C12B000_031311102120_r007_c015", "class": "small-vehicle", "score": 0.527, "long_side_px": 21.0, "heading_deg": 0.5}}, {"type": "Feature", "geometry": {"type": "Polygon", "coordinates": [[[-118.4686372, 34.2212436], [-118.4685743, 34.2212804], [-118.4685512, 34.221253], [-118.4686141, 34.2212163], [-118.4686372, 34.2212436]]]}, "properties": {"tile_id": "103001010C12B000_031311102120_r007_c015", "class": "small-vehicle", "score": 0.527, "long_side_px": 23.2, "heading_deg": 145.7}}, {"type": "Feature", "geometry": {"type": "Polygon", "coordinates": [[[-118.4662693, 34.22148], [-118.4661806, 34.2214822], [-118.4661792, 34.2214449], [-118.4662679, 34.2214427], [-118.4662693, 34.22148]]]}, "properties": {"tile_id": "103001010C12B000_031311102120_r007_c016", "class": "small-vehicle", "score": 0.57, "long_side_px": 26.8, "heading_deg": 179.1}}, {"type": "Feature", "geometry": {"type": "Polygon", "coordinates": [[[-118.4673005, 34.2214822], [-118.467215, 34.221487], [-118.4672121, 34.2214509], [-118.4672976, 34.2214461], [-118.4673005, 34.2214822]]]}, "properties": {"tile_id": "103001010C12B000_031311102120_r007_c016", "class": "small-vehicle", "score": 0.551, "long_side_px": 25.9, "heading_deg": 177.0}}, {"type": "Feature", "geometry": {"type": "Polygon", "coordinates": [[[-118.4670125, 34.2215211], [-118.4669501, 34.2215518], [-118.4669319, 34.2215262], [-118.4669942, 34.2214955], [-118.4670125, 34.2215211]]]}, "properties": {"tile_id": "103001010C12B000_031311102120_r007_c016", "class": "small-vehicle", "score": 0.535, "long_side_px": 21.9, "heading_deg": 150.2}}, {"type": "Feature", "geometry": {"type": "Polygon", "coordinates": [[[-118.5173744, 34.2180247], [-118.5173023, 34.2180301], [-118.5172989, 34.2179986], [-118.517371, 34.2179932], [-118.5173744, 34.2180247]]]}, "properties": {"tile_id": "103001010C12B000_031311102120_r008_c001", "class": "small-vehicle", "score": 0.564, "long_side_px": 21.8, "heading_deg": 175.7}}, {"type": "Feature", "geometry": {"type": "Polygon", "coordinates": [[[-118.5176056, 34.2193125], [-118.5175653, 34.219311], [-118.5175687, 34.219246], [-118.517609, 34.2192475], [-118.5176056, 34.2193125]]]}, "properties": {"tile_id": "103001010C12B000_031311102120_r008_c001", "class": "small-vehicle", "score": 0.555, "long_side_px": 23.6, "heading_deg": 93.4}}, {"type": "Feature", "geometry": {"type": "Polygon", "coordinates": [[[-118.5088595, 34.2192292], [-118.508824, 34.2192279], [-118.5088272, 34.2191694], [-118.5088628, 34.2191708], [-118.5088595, 34.2192292]]]}, "properties": {"tile_id": "103001010C12B000_031311102120_r008_c003", "class": "small-vehicle", "score": 0.646, "long_side_px": 21.3, "heading_deg": 93.5}}, {"type": "Feature", "geometry": {"type": "Polygon", "coordinates": [[[-118.5054687, 34.2204995], [-118.5054334, 34.2204972], [-118.505439, 34.2204392], [-118.5054743, 34.2204416], [-118.5054687, 34.2204995]]]}, "properties": {"tile_id": "103001010C12B000_031311102120_r008_c004", "class": "small-vehicle", "score": 0.527, "long_side_px": 21.1, "heading_deg": 95.4}}, {"type": "Feature", "geometry": {"type": "Polygon", "coordinates": [[[-118.4979634, 34.2205878], [-118.497887, 34.2205759], [-118.4978944, 34.2205435], [-118.4979708, 34.2205554], [-118.4979634, 34.2205878]]]}, "properties": {"tile_id": "103001010C12B000_031311102120_r008_c006", "class": "small-vehicle", "score": 0.604, "long_side_px": 23.5, "heading_deg": 11.5}}, {"type": "Feature", "geometry": {"type": "Polygon", "coordinates": [[[-118.4967541, 34.2190208], [-118.4965463, 34.219174], [-118.4963974, 34.2190345], [-118.4966052, 34.2188814], [-118.4967541, 34.2190208]]]}, "properties": {"tile_id": "103001010C12B000_031311102120_r008_c007", "class": "plane", "score": 0.938, "long_side_px": 83.9, "heading_deg": 139.3}}, {"type": "Feature", "geometry": {"type": "Polygon", "coordinates": [[[-118.4958526, 34.2182788], [-118.4956036, 34.2182703], [-118.4956138, 34.2180607], [-118.4958629, 34.2180691], [-118.4958526, 34.2182788]]]}, "properties": {"tile_id": "103001010C12B000_031311102120_r008_c007", "class": "plane", "score": 0.932, "long_side_px": 76.2, "heading_deg": 93.2}}, {"type": "Feature", "geometry": {"type": "Polygon", "coordinates": [[[-118.4954426, 34.2196284], [-118.4953695, 34.2196343], [-118.4953661, 34.2196058], [-118.4954392, 34.2195999], [-118.4954426, 34.2196284]]]}, "properties": {"tile_id": "103001010C12B000_031311102120_r008_c007", "class": "small-vehicle", "score": 0.617, "long_side_px": 22.2, "heading_deg": 175.3}}, {"type": "Feature", "geometry": {"type": "Polygon", "coordinates": [[[-118.4952501, 34.220266], [-118.4951805, 34.2202816], [-118.4951705, 34.2202505], [-118.49524, 34.220235], [-118.4952501, 34.220266]]]}, "properties": {"tile_id": "103001010C12B000_031311102120_r008_c007", "class": "small-vehicle", "score": 0.596, "long_side_px": 21.7, "heading_deg": 165.8}}, {"type": "Feature", "geometry": {"type": "Polygon", "coordinates": [[[-118.4973903, 34.2206189], [-118.4973532, 34.2206093], [-118.4973749, 34.2205518], [-118.497412, 34.2205615], [-118.4973903, 34.2206189]]]}, "properties": {"tile_id": "103001010C12B000_031311102120_r008_c007", "class": "small-vehicle", "score": 0.583, "long_side_px": 21.9, "heading_deg": 108.2}}, {"type": "Feature", "geometry": {"type": "Polygon", "coordinates": [[[-118.4954418, 34.2196546], [-118.4953716, 34.2196617], [-118.4953678, 34.219636], [-118.495438, 34.2196289], [-118.4954418, 34.2196546]]]}, "properties": {"tile_id": "103001010C12B000_031311102120_r008_c007", "class": "small-vehicle", "score": 0.562, "long_side_px": 21.3, "heading_deg": 173.9}}, {"type": "Feature", "geometry": {"type": "Polygon", "coordinates": [[[-118.4950912, 34.2202802], [-118.495005, 34.2203096], [-118.4949889, 34.220277], [-118.495075, 34.2202475], [-118.4950912, 34.2202802]]]}, "properties": {"tile_id": "103001010C12B000_031311102120_r008_c007", "class": "small-vehicle", "score": 0.551, "long_side_px": 28.1, "heading_deg": 158.5}}, {"type": "Feature", "geometry": {"type": "Polygon", "coordinates": [[[-118.4976583, 34.2206775], [-118.4976173, 34.2206732], [-118.4976274, 34.2206076], [-118.4976684, 34.220612], [-118.4976583, 34.2206775]]]}, "properties": {"tile_id": "103001010C12B000_031311102120_r008_c007", "class": "small-vehicle", "score": 0.541, "long_side_px": 24.0, "heading_deg": 98.1}}, {"type": "Feature", "geometry": {"type": "Polygon", "coordinates": [[[-118.4953754, 34.2197362], [-118.4953033, 34.2197397], [-118.4953012, 34.2197102], [-118.4953733, 34.2197067], [-118.4953754, 34.2197362]]]}, "properties": {"tile_id": "103001010C12B000_031311102120_r008_c007", "class": "small-vehicle", "score": 0.535, "long_side_px": 21.8, "heading_deg": 177.5}}, {"type": "Feature", "geometry": {"type": "Polygon", "coordinates": [[[-118.49322, 34.2187736], [-118.4929093, 34.2187904], [-118.4928885, 34.2185256], [-118.4931992, 34.2185088], [-118.49322, 34.2187736]]]}, "properties": {"tile_id": "103001010C12B000_031311102120_r008_c008", "class": "plane", "score": 0.952, "long_side_px": 96.4, "heading_deg": 87.1}}, {"type": "Feature", "geometry": {"type": "Polygon", "coordinates": [[[-118.4931542, 34.2189385], [-118.4927904, 34.2189649], [-118.4927633, 34.2187069], [-118.4931271, 34.2186805], [-118.4931542, 34.2189385]]]}, "properties": {"tile_id": "103001010C12B000_031311102120_r008_c008", "class": "plane", "score": 0.951, "long_side_px": 110.2, "heading_deg": 175.9}}, {"type": "Feature", "geometry": {"type": "Polygon", "coordinates": [[[-118.4941355, 34.2187888], [-118.4937565, 34.2188172], [-118.4937269, 34.218544], [-118.4941058, 34.2185156], [-118.4941355, 34.2187888]]]}, "properties": {"tile_id": "103001010C12B000_031311102120_r008_c008", "class": "plane", "score": 0.948, "long_side_px": 114.9, "heading_deg": 175.7}}, {"type": "Feature", "geometry": {"type": "Polygon", "coordinates": [[[-118.4932854, 34.2194173], [-118.492979, 34.2194396], [-118.492952, 34.2191847], [-118.4932585, 34.2191624], [-118.4932854, 34.2194173]]]}, "properties": {"tile_id": "103001010C12B000_031311102120_r008_c008", "class": "plane", "score": 0.947, "long_side_px": 93.0, "heading_deg": 85.8}}, {"type": "Feature", "geometry": {"type": "Polygon", "coordinates": [[[-118.4931778, 34.2192574], [-118.4928058, 34.2192806], [-118.4927823, 34.2190205], [-118.4931543, 34.2189973], [-118.4931778, 34.2192574]]]}, "properties": {"tile_id": "103001010C12B000_031311102120_r008_c008", "class": "plane", "score": 0.946, "long_side_px": 112.6, "heading_deg": 176.5}}, {"type": "Feature", "geometry": {"type": "Polygon", "coordinates": [[[-118.4930347, 34.2183596], [-118.4926995, 34.2183791], [-118.4926806, 34.2181545], [-118.4930158, 34.218135], [-118.4930347, 34.2183596]]]}, "properties": {"tile_id": "103001010C12B000_031311102120_r008_c008", "class": "plane", "score": 0.944, "long_side_px": 101.4, "heading_deg": 176.8}}, {"type": "Feature", "geometry": {"type": "Polygon", "coordinates": [[[-118.4932451, 34.2198633], [-118.492888, 34.2198837], [-118.4928674, 34.2196346], [-118.4932245, 34.2196142], [-118.4932451, 34.2198633]]]}, "properties": {"tile_id": "103001010C12B000_031311102120_r008_c008", "class": "plane", "score": 0.944, "long_side_px": 108.1, "heading_deg": 176.9}}, {"type": "Feature", "geometry": {"type": "Polygon", "coordinates": [[[-118.4930965, 34.2186076], [-118.4927607, 34.2186207], [-118.4927485, 34.2184058], [-118.4930843, 34.2183927], [-118.4930965, 34.2186076]]]}, "properties": {"tile_id": "103001010C12B000_031311102120_r008_c008", "class": "plane", "score": 0.943, "long_side_px": 101.5, "heading_deg": 178.1}}, {"type": "Feature", "geometry": {"type": "Polygon", "coordinates": [[[-118.4932027, 34.2195688], [-118.492847, 34.2196101], [-118.4928036, 34.2193524], [-118.4931593, 34.2193111], [-118.4932027, 34.2195688]]]}, "properties": {"tile_id": "103001010C12B000_031311102120_r008_c008", "class": "plane", "score": 0.942, "long_side_px": 108.4, "heading_deg": 172.9}}, {"type": "Feature", "geometry": {"type": "Polygon", "coordinates": [[[-118.4933243, 34.2199675], [-118.4930264, 34.219988], [-118.4930064, 34.2197878], [-118.4933043, 34.2197673], [-118.4933243, 34.2199675]]]}, "properties": {"tile_id": "103001010C12B000_031311102120_r008_c008", "class": "plane", "score": 0.939, "long_side_px": 90.2, "heading_deg": 176.1}}, {"type": "Feature", "geometry": {"type": "Polygon", "coordinates": [[[-118.4931259, 34.2202541], [-118.4929295, 34.2202684], [-118.4929143, 34.2201253], [-118.4931108, 34.2201109], [-118.4931259, 34.2202541]]]}, "properties": {"tile_id": "103001010C12B000_031311102120_r008_c008", "class": "plane", "score": 0.936, "long_side_px": 59.5, "heading_deg": 175.8}}, {"type": "Feature", "geometry": {"type": "Polygon", "coordinates": [[[-118.4931989, 34.2190777], [-118.4929188, 34.2190932], [-118.4929012, 34.2188737], [-118.4931813, 34.2188582], [-118.4931989, 34.2190777]]]}, "properties": {"tile_id": "103001010C12B000_031311102120_r008_c008", "class": "plane", "score": 0.936, "long_side_px": 84.8, "heading_deg": 177.0}}, {"type": "Feature", "geometry": {"type": "Polygon", "coordinates": [[[-118.4932699, 34.2196943], [-118.4929939, 34.2197096], [-118.4929762, 34.2194882], [-118.4932522, 34.219473], [-118.4932699, 34.2196943]]]}, "properties": {"tile_id": "103001010C12B000_031311102120_r008_c008", "class": "plane", "score": 0.927, "long_side_px": 83.5, "heading_deg": 177.0}}, {"type": "Feature", "geometry": {"type": "Polygon", "coordinates": [[[-118.4932218, 34.2201122], [-118.4929235, 34.2201218], [-118.492913, 34.2198958], [-118.4932113, 34.2198863], [-118.4932218, 34.2201122]]]}, "properties": {"tile_id": "103001010C12B000_031311102120_r008_c008", "class": "plane", "score": 0.921, "long_side_px": 90.1, "heading_deg": 178.6}}, {"type": "Feature", "geometry": {"type": "Polygon", "coordinates": [[[-118.493267, 34.220169], [-118.4930947, 34.2201873], [-118.4930717, 34.2200374], [-118.493244, 34.2200192], [-118.493267, 34.220169]]]}, "properties": {"tile_id": "103001010C12B000_031311102120_r008_c008", "class": "plane", "score": 0.921, "long_side_px": 54.9, "heading_deg": 83.6}}, {"type": "Feature", "geometry": {"type": "Polygon", "coordinates": [[[-118.4943044, 34.2185702], [-118.4939798, 34.2186084], [-118.4939339, 34.2183397], [-118.4942586, 34.2183015], [-118.4943044, 34.2185702]]]}, "properties": {"tile_id": "103001010C12B000_031311102120_r008_c008", "class": "plane", "score": 0.909, "long_side_px": 99.0, "heading_deg": 172.8}}, {"type": "Feature", "geometry": {"type": "Polygon", "coordinates": [[[-118.4931258, 34.2182365], [-118.4928058, 34.2182425], [-118.4928012, 34.2180714], [-118.4931212, 34.2180654], [-118.4931258, 34.2182365]]]}, "properties": {"tile_id": "103001010C12B000_031311102120_r008_c008", "class": "plane", "score": 0.909, "long_side_px": 96.6, "heading_deg": 179.5}}, {"type": "Feature", "geometry": {"type": "Polygon", "coordinates": [[[-118.4942362, 34.2182999], [-118.4939365, 34.2183325], [-118.4938981, 34.2180885], [-118.4941977, 34.2180559], [-118.4942362, 34.2182999]]]}, "properties": {"tile_id": "103001010C12B000_031311102120_r008_c008", "class": "plane", "score": 0.904, "long_side_px": 91.2, "heading_deg": 173.4}}, {"type": "Feature", "geometry": {"type": "Polygon", "coordinates": [[[-118.4936393, 34.219777], [-118.493529, 34.2197823], [-118.4935206, 34.2196627], [-118.493631, 34.2196574], [-118.4936393, 34.219777]]]}, "properties": {"tile_id": "103001010C12B000_031311102120_r008_c008", "class": "plane", "score": 0.894, "long_side_px": 43.5, "heading_deg": 87.5}}, {"type": "Feature", "geometry": {"type": "Polygon", "coordinates": [[[-118.4930541, 34.2184571], [-118.4928215, 34.2184622], [-118.492816, 34.218289], [-118.4930487, 34.218284], [-118.4930541, 34.2184571]]]}, "properties": {"tile_id": "103001010C12B000_031311102120_r008_c008", "class": "plane", "score": 0.861, "long_side_px": 70.2, "heading_deg": 179.3}}, {"type": "Feature", "geometry": {"type": "Polygon", "coordinates": [[[-118.4941769, 34.2190078], [-118.4939996, 34.2189038], [-118.4941384, 34.2187406], [-118.4943156, 34.2188445], [-118.4941769, 34.2190078]]]}, "properties": {"tile_id": "103001010C12B000_031311102120_r008_c008", "class": "plane", "score": 0.859, "long_side_px": 72.6, "heading_deg": 126.1}}, {"type": "Feature", "geometry": {"type": "Polygon", "coordinates": [[[-118.4905162, 34.218941], [-118.4904201, 34.2189449], [-118.4904139, 34.2188395], [-118.4905099, 34.2188355], [-118.4905162, 34.218941]]]}, "properties": {"tile_id": "103001010C12B000_031311102120_r008_c009", "class": "plane", "score": 0.842, "long_side_px": 38.4, "heading_deg": 88.0}}, {"type": "Feature", "geometry": {"type": "Polygon", "coordinates": [[[-118.4892136, 34.2205643], [-118.4891623, 34.2206029], [-118.4891396, 34.2205821], [-118.4891908, 34.2205434], [-118.4892136, 34.2205643]]]}, "properties": {"tile_id": "103001010C12B000_031311102120_r008_c009", "class": "small-vehicle", "score": 0.753, "long_side_px": 20.9, "heading_deg": 138.6}}, {"type": "Feature", "geometry": {"type": "Polygon", "coordinates": [[[-118.4891916, 34.2205422], [-118.4891405, 34.2205808], [-118.4891178, 34.22056], [-118.4891688, 34.2205214], [-118.4891916, 34.2205422]]]}, "properties": {"tile_id": "103001010C12B000_031311102120_r008_c009", "class": "small-vehicle", "score": 0.723, "long_side_px": 20.8, "heading_deg": 138.5}}, {"type": "Feature", "geometry": {"type": "Polygon", "coordinates": [[[-118.4895256, 34.220312], [-118.4894513, 34.2203186], [-118.4894474, 34.2202889], [-118.4895217, 34.2202823], [-118.4895256, 34.220312]]]}, "properties": {"tile_id": "103001010C12B000_031311102120_r008_c009", "class": "small-vehicle", "score": 0.715, "long_side_px": 22.6, "heading_deg": 174.7}}, {"type": "Feature", "geometry": {"type": "Polygon", "coordinates": [[[-118.4895231, 34.2205117], [-118.4894467, 34.2205195], [-118.489442, 34.2204875], [-118.4895184, 34.2204797], [-118.4895231, 34.2205117]]]}, "properties": {"tile_id": "103001010C12B000_031311102120_r008_c009", "class": "small-vehicle", "score": 0.639, "long_side_px": 23.2, "heading_deg": 173.8}}, {"type": "Feature", "geometry": {"type": "Polygon", "coordinates": [[[-118.4895145, 34.2204702], [-118.4894445, 34.2204682], [-118.4894458, 34.220439], [-118.4895157, 34.220441], [-118.4895145, 34.2204702]]]}, "properties": {"tile_id": "103001010C12B000_031311102120_r008_c009", "class": "small-vehicle", "score": 0.611, "long_side_px": 21.1, "heading_deg": 2.8}}, {"type": "Feature", "geometry": {"type": "Polygon", "coordinates": [[[-118.4880998, 34.2197124], [-118.4880286, 34.2196963], [-118.4880391, 34.2196645], [-118.4881103, 34.2196806], [-118.4880998, 34.2197124]]]}, "properties": {"tile_id": "103001010C12B000_031311102120_r008_c009", "class": "small-vehicle", "score": 0.591, "long_side_px": 22.3, "heading_deg": 16.1}}, {"type": "Feature", "geometry": {"type": "Polygon", "coordinates": [[[-118.4892614, 34.2205979], [-118.4892122, 34.2206394], [-118.4891892, 34.2206206], [-118.4892383, 34.220579], [-118.4892614, 34.2205979]]]}, "properties": {"tile_id": "103001010C12B000_031311102120_r008_c009", "class": "small-vehicle", "score": 0.572, "long_side_px": 21.2, "heading_deg": 135.3}}, {"type": "Feature", "geometry": {"type": "Polygon", "coordinates": [[[-118.489235, 34.2205822], [-118.4891917, 34.2206177], [-118.4891718, 34.220601], [-118.4892152, 34.2205655], [-118.489235, 34.2205822]]]}, "properties": {"tile_id": "103001010C12B000_031311102120_r008_c009", "class": "small-vehicle", "score": 0.543, "long_side_px": 18.4, "heading_deg": 136.2}}, {"type": "Feature", "geometry": {"type": "Polygon", "coordinates": [[[-118.488068, 34.2198485], [-118.4879951, 34.2198297], [-118.4880061, 34.2198003], [-118.488079, 34.219819], [-118.488068, 34.2198485]]]}, "properties": {"tile_id": "103001010C12B000_031311102120_r008_c009", "class": "small-vehicle", "score": 0.527, "long_side_px": 23.0, "heading_deg": 18.0}}, {"type": "Feature", "geometry": {"type": "Polygon", "coordinates": [[[-118.4862007, 34.2204189], [-118.4860531, 34.2203989], [-118.4860604, 34.2203618], [-118.486208, 34.2203817], [-118.4862007, 34.2204189]]]}, "properties": {"tile_id": "103001010C12B000_031311102120_r008_c010", "class": "large-vehicle", "score": 0.541, "long_side_px": 45.2, "heading_deg": 10.1}}, {"type": "Feature", "geometry": {"type": "Polygon", "coordinates": [[[-118.4843292, 34.2188889], [-118.4842969, 34.2188812], [-118.4843168, 34.2188232], [-118.4843491, 34.2188308], [-118.4843292, 34.2188889]]]}, "properties": {"tile_id": "103001010C12B000_031311102120_r008_c010", "class": "small-vehicle", "score": 0.527, "long_side_px": 21.9, "heading_deg": 106.7}}, {"type": "Feature", "geometry": {"type": "Polygon", "coordinates": [[[-118.4839008, 34.2196632], [-118.4838188, 34.2196693], [-118.4838148, 34.2196328], [-118.4838968, 34.2196267], [-118.4839008, 34.2196632]]]}, "properties": {"tile_id": "103001010C12B000_031311102120_r008_c011", "class": "small-vehicle", "score": 0.755, "long_side_px": 24.8, "heading_deg": 175.7}}, {"type": "Feature", "geometry": {"type": "Polygon", "coordinates": [[[-118.4836736, 34.2193928], [-118.4836089, 34.2193898], [-118.483624, 34.2191611], [-118.4836887, 34.2191641], [-118.4836736, 34.2193928]]]}, "properties": {"tile_id": "103001010C12B000_031311102120_r008_c011", "class": "large-vehicle", "score": 0.566, "long_side_px": 83.2, "heading_deg": 94.0}}, {"type": "Feature", "geometry": {"type": "Polygon", "coordinates": [[[-118.4765071, 34.2207526], [-118.4764407, 34.2207603], [-118.4764361, 34.220733], [-118.4765025, 34.2207253], [-118.4765071, 34.2207526]]]}, "properties": {"tile_id": "103001010C12B000_031311102120_r008_c013", "class": "small-vehicle", "score": 0.568, "long_side_px": 20.2, "heading_deg": 172.9}}, {"type": "Feature", "geometry": {"type": "Polygon", "coordinates": [[[-118.4765074, 34.2208033], [-118.4764269, 34.2208116], [-118.4764226, 34.2207825], [-118.4765032, 34.2207743], [-118.4765074, 34.2208033]]]}, "properties": {"tile_id": "103001010C12B000_031311102120_r008_c013", "class": "small-vehicle", "score": 0.543, "long_side_px": 24.5, "heading_deg": 173.8}}, {"type": "Feature", "geometry": {"type": "Polygon", "coordinates": [[[-118.4718453, 34.2199206], [-118.4717795, 34.2199204], [-118.4717796, 34.2198914], [-118.4718455, 34.2198916], [-118.4718453, 34.2199206]]]}, "properties": {"tile_id": "103001010C12B000_031311102120_r008_c014", "class": "small-vehicle", "score": 0.722, "long_side_px": 19.9, "heading_deg": 1.1}}, {"type": "Feature", "geometry": {"type": "Polygon", "coordinates": [[[-118.4718433, 34.2198635], [-118.4717781, 34.2198666], [-118.4717765, 34.2198427], [-118.4718417, 34.2198396], [-118.4718433, 34.2198635]]]}, "properties": {"tile_id": "103001010C12B000_031311102120_r008_c014", "class": "small-vehicle", "score": 0.694, "long_side_px": 19.7, "heading_deg": 177.5}}, {"type": "Feature", "geometry": {"type": "Polygon", "coordinates": [[[-118.4718411, 34.2198877], [-118.4717805, 34.2198896], [-118.4717795, 34.2198665], [-118.4718401, 34.2198647], [-118.4718411, 34.2198877]]]}, "properties": {"tile_id": "103001010C12B000_031311102120_r008_c014", "class": "small-vehicle", "score": 0.667, "long_side_px": 18.3, "heading_deg": 178.7}}, {"type": "Feature", "geometry": {"type": "Polygon", "coordinates": [[[-118.4719808, 34.2198413], [-118.471914, 34.2198429], [-118.4719131, 34.2198175], [-118.4719799, 34.2198159], [-118.4719808, 34.2198413]]]}, "properties": {"tile_id": "103001010C12B000_031311102120_r008_c014", "class": "small-vehicle", "score": 0.632, "long_side_px": 20.2, "heading_deg": 179.1}}, {"type": "Feature", "geometry": {"type": "Polygon", "coordinates": [[[-118.4718406, 34.2198187], [-118.4717723, 34.2198211], [-118.4717709, 34.2197939], [-118.4718392, 34.2197916], [-118.4718406, 34.2198187]]]}, "properties": {"tile_id": "103001010C12B000_031311102120_r008_c014", "class": "small-vehicle", "score": 0.626, "long_side_px": 20.6, "heading_deg": 178.4}}, {"type": "Feature", "geometry": {"type": "Polygon", "coordinates": [[[-118.4722591, 34.2207613], [-118.4721952, 34.2207487], [-118.4722032, 34.2207207], [-118.4722671, 34.2207333], [-118.4722591, 34.2207613]]]}, "properties": {"tile_id": "103001010C12B000_031311102120_r008_c014", "class": "small-vehicle", "score": 0.625, "long_side_px": 19.8, "heading_deg": 14.2}}, {"type": "Feature", "geometry": {"type": "Polygon", "coordinates": [[[-118.471842, 34.2198399], [-118.471779, 34.2198439], [-118.4717771, 34.2198222], [-118.47184, 34.2198182], [-118.471842, 34.2198399]]]}, "properties": {"tile_id": "103001010C12B000_031311102120_r008_c014", "class": "small-vehicle", "score": 0.587, "long_side_px": 19.0, "heading_deg": 176.5}}, {"type": "Feature", "geometry": {"type": "Polygon", "coordinates": [[[-118.4719826, 34.2194389], [-118.4719088, 34.219442], [-118.4719073, 34.2194164], [-118.4719811, 34.2194133], [-118.4719826, 34.2194389]]]}, "properties": {"tile_id": "103001010C12B000_031311102120_r008_c014", "class": "small-vehicle", "score": 0.543, "long_side_px": 22.3, "heading_deg": 178.0}}, {"type": "Feature", "geometry": {"type": "Polygon", "coordinates": [[[-118.4730368, 34.2188994], [-118.4729986, 34.2189001], [-118.4729969, 34.2188377], [-118.4730351, 34.2188369], [-118.4730368, 34.2188994]]]}, "properties": {"tile_id": "103001010C12B000_031311102120_r008_c014", "class": "small-vehicle", "score": 0.543, "long_side_px": 22.7, "heading_deg": 89.5}}, {"type": "Feature", "geometry": {"type": "Polygon", "coordinates": [[[-118.4734455, 34.2186862], [-118.4734069, 34.2186854], [-118.4734089, 34.2186199], [-118.4734474, 34.2186207], [-118.4734455, 34.2186862]]]}, "properties": {"tile_id": "103001010C12B000_031311102120_r008_c014", "class": "small-vehicle", "score": 0.541, "long_side_px": 23.8, "heading_deg": 92.2}}, {"type": "Feature", "geometry": {"type": "Polygon", "coordinates": [[[-118.4719826, 34.2193483], [-118.4719109, 34.2193542], [-118.4719074, 34.2193253], [-118.4719792, 34.2193195], [-118.4719826, 34.2193483]]]}, "properties": {"tile_id": "103001010C12B000_031311102120_r008_c014", "class": "small-vehicle", "score": 0.533, "long_side_px": 21.8, "heading_deg": 175.2}}, {"type": "Feature", "geometry": {"type": "Polygon", "coordinates": [[[-118.46876, 34.22025], [-118.4686927, 34.2202686], [-118.4686818, 34.2202416], [-118.4687491, 34.2202229], [-118.46876, 34.22025]]]}, "properties": {"tile_id": "103001010C12B000_031311102120_r008_c015", "class": "small-vehicle", "score": 0.602, "long_side_px": 21.4, "heading_deg": 162.3}}, {"type": "Feature", "geometry": {"type": "Polygon", "coordinates": [[[-118.4705753, 34.2190453], [-118.4705025, 34.2190524], [-118.4704981, 34.219021], [-118.4705708, 34.2190138], [-118.4705753, 34.2190453]]]}, "properties": {"tile_id": "103001010C12B000_031311102120_r008_c015", "class": "small-vehicle", "score": 0.595, "long_side_px": 22.1, "heading_deg": 174.1}}, {"type": "Feature", "geometry": {"type": "Polygon", "coordinates": [[[-118.468796, 34.2203513], [-118.4687224, 34.2203624], [-118.4687154, 34.2203307], [-118.468789, 34.2203196], [-118.468796, 34.2203513]]]}, "properties": {"tile_id": "103001010C12B000_031311102120_r008_c015", "class": "small-vehicle", "score": 0.591, "long_side_px": 22.6, "heading_deg": 170.5}}, {"type": "Feature", "geometry": {"type": "Polygon", "coordinates": [[[-118.4665679, 34.2195806], [-118.4664935, 34.2195838], [-118.4664916, 34.2195531], [-118.4665659, 34.2195499], [-118.4665679, 34.2195806]]]}, "properties": {"tile_id": "103001010C12B000_031311102120_r008_c016", "class": "small-vehicle", "score": 0.723, "long_side_px": 22.5, "heading_deg": 177.8}}, {"type": "Feature", "geometry": {"type": "Polygon", "coordinates": [[[-118.4665669, 34.2195084], [-118.4664919, 34.2195088], [-118.4664917, 34.2194822], [-118.4665667, 34.2194818], [-118.4665669, 34.2195084]]]}, "properties": {"tile_id": "103001010C12B000_031311102120_r008_c016", "class": "small-vehicle", "score": 0.694, "long_side_px": 22.7, "heading_deg": 0.5}}, {"type": "Feature", "geometry": {"type": "Polygon", "coordinates": [[[-118.5175949, 34.2164218], [-118.5175575, 34.2164187], [-118.5175651, 34.2163551], [-118.5176025, 34.2163581], [-118.5175949, 34.2164218]]]}, "properties": {"tile_id": "103001010C12B000_031311102120_r009_c001", "class": "small-vehicle", "score": 0.655, "long_side_px": 23.2, "heading_deg": 96.5}}, {"type": "Feature", "geometry": {"type": "Polygon", "coordinates": [[[-118.5175966, 34.2168008], [-118.5175592, 34.2167965], [-118.5175695, 34.2167342], [-118.517607, 34.2167384], [-118.5175966, 34.2168008]]]}, "properties": {"tile_id": "103001010C12B000_031311102120_r009_c001", "class": "small-vehicle", "score": 0.555, "long_side_px": 22.9, "heading_deg": 98.7}}, {"type": "Feature", "geometry": {"type": "Polygon", "coordinates": [[[-118.5117976, 34.2164544], [-118.5117579, 34.2164538], [-118.5117594, 34.2163874], [-118.5117992, 34.216388], [-118.5117976, 34.2164544]]]}, "properties": {"tile_id": "103001010C12B000_031311102120_r009_c002", "class": "small-vehicle", "score": 0.646, "long_side_px": 24.1, "heading_deg": 92.0}}, {"type": "Feature", "geometry": {"type": "Polygon", "coordinates": [[[-118.5117989, 34.2168814], [-118.5117577, 34.2168817], [-118.5117568, 34.2168135], [-118.511798, 34.2168131], [-118.5117989, 34.2168814]]]}, "properties": {"tile_id": "103001010C12B000_031311102120_r009_c002", "class": "small-vehicle", "score": 0.57, "long_side_px": 24.8, "heading_deg": 90.2}}, {"type": "Feature", "geometry": {"type": "Polygon", "coordinates": [[[-118.5000806, 34.2155956], [-118.4999258, 34.2155764], [-118.4999542, 34.2154189], [-118.5001089, 34.2154381], [-118.5000806, 34.2155956]]]}, "properties": {"tile_id": "103001010C12B000_031311102120_r009_c006", "class": "plane", "score": 0.919, "long_side_px": 57.9, "heading_deg": 99.3}}, {"type": "Feature", "geometry": {"type": "Polygon", "coordinates": [[[-118.4985592, 34.2179969], [-118.4984493, 34.2180097], [-118.4984317, 34.2179059], [-118.4985416, 34.2178931], [-118.4985592, 34.2179969]]]}, "properties": {"tile_id": "103001010C12B000_031311102120_r009_c006", "class": "plane", "score": 0.901, "long_side_px": 38.1, "heading_deg": 82.8}}, {"type": "Feature", "geometry": {"type": "Polygon", "coordinates": [[[-118.4985385, 34.2178919], [-118.4984363, 34.2179031], [-118.4984188, 34.217793], [-118.4985209, 34.2177818], [-118.4985385, 34.2178919]]]}, "properties": {"tile_id": "103001010C12B000_031311102120_r009_c006", "class": "plane", "score": 0.894, "long_side_px": 40.4, "heading_deg": 83.3}}, {"type": "Feature", "geometry": {"type": "Polygon", "coordinates": [[[-118.4981065, 34.2156504], [-118.4979972, 34.2156536], [-118.497993, 34.2155553], [-118.4981023, 34.215552], [-118.4981065, 34.2156504]]]}, "properties": {"tile_id": "103001010C12B000_031311102120_r009_c006", "class": "plane", "score": 0.893, "long_side_px": 35.8, "heading_deg": 88.8}}, {"type": "Feature", "geometry": {"type": "Polygon", "coordinates": [[[-118.5000043, 34.2152687], [-118.4998782, 34.2152673], [-118.4998797, 34.2151807], [-118.5000057, 34.2151821], [-118.5000043, 34.2152687]]]}, "properties": {"tile_id": "103001010C12B000_031311102120_r009_c006", "class": "plane", "score": 0.883, "long_side_px": 38.1, "heading_deg": 1.6}}, {"type": "Feature", "geometry": {"type": "Polygon", "coordinates": [[[-118.4985315, 34.2155252], [-118.4984075, 34.2155306], [-118.4984018, 34.215439], [-118.4985257, 34.2154337], [-118.4985315, 34.2155252]]]}, "properties": {"tile_id": "103001010C12B000_031311102120_r009_c006", "class": "plane", "score": 0.878, "long_side_px": 37.5, "heading_deg": 177.9}}, {"type": "Feature", "geometry": {"type": "Polygon", "coordinates": [[[-118.4996858, 34.2176492], [-118.4995589, 34.2176311], [-118.4995797, 34.2175301], [-118.4997066, 34.2175481], [-118.4996858, 34.2176492]]]}, "properties": {"tile_id": "103001010C12B000_031311102120_r009_c006", "class": "plane", "score": 0.876, "long_side_px": 38.9, "heading_deg": 10.6}}, {"type": "Feature", "geometry": {"type": "Polygon", "coordinates": [[[-118.4985927, 34.217733], [-118.4984943, 34.2178043], [-118.4984203, 34.2177338], [-118.4985187, 34.2176625], [-118.4985927, 34.217733]]]}, "properties": {"tile_id": "103001010C12B000_031311102120_r009_c006", "class": "plane", "score": 0.874, "long_side_px": 39.4, "heading_deg": 139.8}}, {"type": "Feature", "geometry": {"type": "Polygon", "coordinates": [[[-118.4981806, 34.2158628], [-118.4980397, 34.21587], [-118.4980325, 34.2157735], [-118.4981734, 34.2157663], [-118.4981806, 34.2158628]]]}, "properties": {"tile_id": "103001010C12B000_031311102120_r009_c006", "class": "plane", "score": 0.874, "long_side_px": 42.6, "heading_deg": 177.3}}, {"type": "Feature", "geometry": {"type": "Polygon", "coordinates": [[[-118.498124, 34.2157485], [-118.4980238, 34.2157522], [-118.4980187, 34.2156575], [-118.498119, 34.2156538], [-118.498124, 34.2157485]]]}, "properties": {"tile_id": "103001010C12B000_031311102120_r009_c006", "class": "plane", "score": 0.873, "long_side_px": 34.4, "heading_deg": 88.3}}, {"type": "Feature", "geometry": {"type": "Polygon", "coordinates": [[[-118.4983378, 34.2152829], [-118.4982004, 34.2152877], [-118.4981962, 34.2152047], [-118.4983336, 34.2151999], [-118.4983378, 34.2152829]]]}, "properties": {"tile_id": "103001010C12B000_031311102120_r009_c006", "class": "plane", "score": 0.866, "long_side_px": 41.5, "heading_deg": 178.4}}, {"type": "Feature", "geometry": {"type": "Polygon", "coordinates": [[[-118.4998915, 34.2152567], [-118.499776, 34.2152621], [-118.4997702, 34.2151761], [-118.4998857, 34.2151707], [-118.4998915, 34.2152567]]]}, "properties": {"tile_id": "103001010C12B000_031311102120_r009_c006", "class": "plane", "score": 0.864, "long_side_px": 34.9, "heading_deg": 177.6}}, {"type": "Feature", "geometry": {"type": "Polygon", "coordinates": [[[-118.4996243, 34.2156543], [-118.4995047, 34.2156584], [-118.4994997, 34.2155584], [-118.4996193, 34.2155543], [-118.4996243, 34.2156543]]]}, "properties": {"tile_id": "103001010C12B000_031311102120_r009_c006", "class": "plane", "score": 0.822, "long_side_px": 36.4, "heading_deg": 88.4}}, {"type": "Feature", "geometry": {"type": "Polygon", "coordinates": [[[-118.4988558, 34.2152258], [-118.498713, 34.2152406], [-118.4987036, 34.2151777], [-118.4988464, 34.2151629], [-118.4988558, 34.2152258]]]}, "properties": {"tile_id": "103001010C12B000_031311102120_r009_c006", "class": "plane", "score": 0.809, "long_side_px": 43.4, "heading_deg": 173.7}}, {"type": "Feature", "geometry": {"type": "Polygon", "coordinates": [[[-118.4987564, 34.2154712], [-118.4986239, 34.2154769], [-118.4986191, 34.2153996], [-118.4987516, 34.2153939], [-118.4987564, 34.2154712]]]}, "properties": {"tile_id": "103001010C12B000_031311102120_r009_c006", "class": "plane", "score": 0.804, "long_side_px": 40.1, "heading_deg": 177.9}}, {"type": "Feature", "geometry": {"type": "Polygon", "coordinates": [[[-118.4983186, 34.2154734], [-118.4981932, 34.215478], [-118.4981891, 34.2153997], [-118.4983144, 34.2153952], [-118.4983186, 34.2154734]]]}, "properties": {"tile_id": "103001010C12B000_031311102120_r009_c006", "class": "plane", "score": 0.798, "long_side_px": 37.9, "heading_deg": 178.3}}, {"type": "Feature", "geometry": {"type": "Polygon", "coordinates": [[[-118.4988983, 34.2152792], [-118.4987883, 34.2152823], [-118.498785, 34.2152026], [-118.498895, 34.2151995], [-118.4988983, 34.2152792]]]}, "properties": {"tile_id": "103001010C12B000_031311102120_r009_c006", "class": "plane", "score": 0.798, "long_side_px": 33.2, "heading_deg": 178.9}}, {"type": "Feature", "geometry": {"type": "Polygon", "coordinates": [[[-118.498769, 34.2152865], [-118.4986337, 34.2152909], [-118.4986295, 34.2151988], [-118.4987647, 34.2151944], [-118.498769, 34.2152865]]]}, "properties": {"tile_id": "103001010C12B000_031311102120_r009_c006", "class": "plane", "score": 0.797, "long_side_px": 40.9, "heading_deg": 178.6}}, {"type": "Feature", "geometry": {"type": "Polygon", "coordinates": [[[-118.4985525, 34.2152272], [-118.4984226, 34.2152447], [-118.4984107, 34.2151835], [-118.4985406, 34.2151661], [-118.4985525, 34.2152272]]]}, "properties": {"tile_id": "103001010C12B000_031311102120_r009_c006", "class": "plane", "score": 0.727, "long_side_px": 39.7, "heading_deg": 171.7}}, {"type": "Feature", "geometry": {"type": "Polygon", "coordinates": [[[-118.500172, 34.2152251], [-118.5000707, 34.2152971], [-118.4999783, 34.2152072], [-118.5000796, 34.2151353], [-118.500172, 34.2152251]]]}, "properties": {"tile_id": "103001010C12B000_031311102120_r009_c006", "class": "plane", "score": 0.703, "long_side_px": 42.9, "heading_deg": 50.3}}, {"type": "Feature", "geometry": {"type": "Polygon", "coordinates": [[[-118.4988213, 34.2180157], [-118.4986956, 34.2180311], [-118.4986845, 34.2179685], [-118.4988102, 34.2179531], [-118.4988213, 34.2180157]]]}, "properties": {"tile_id": "103001010C12B000_031311102120_r009_c006", "class": "plane", "score": 0.676, "long_side_px": 38.4, "heading_deg": 172.5}}, {"type": "Feature", "geometry": {"type": "Polygon", "coordinates": [[[-118.5011036, 34.2155992], [-118.5010587, 34.2155997], [-118.5010577, 34.215535], [-118.5011026, 34.2155346], [-118.5011036, 34.2155992]]]}, "properties": {"tile_id": "103001010C12B000_031311102120_r009_c006", "class": "small-vehicle", "score": 0.539, "long_side_px": 23.5, "heading_deg": 90.1}}, {"type": "Feature", "geometry": {"type": "Polygon", "coordinates": [[[-118.4930553, 34.2177624], [-118.4926831, 34.2177857], [-118.492658, 34.2175079], [-118.4930302, 34.2174846], [-118.4930553, 34.2177624]]]}, "properties": {"tile_id": "103001010C12B000_031311102120_r009_c008", "class": "plane", "score": 0.953, "long_side_px": 112.7, "heading_deg": 176.5}}, {"type": "Feature", "geometry": {"type": "Polygon", "coordinates": [[[-118.4940571, 34.2179008], [-118.4937481, 34.2179071], [-118.4937407, 34.217654], [-118.4940497, 34.2176478], [-118.4940571, 34.2179008]]]}, "properties": {"tile_id": "103001010C12B000_031311102120_r009_c008", "class": "plane", "score": 0.951, "long_side_px": 93.3, "heading_deg": 179.4}}, {"type": "Feature", "geometry": {"type": "Polygon", "coordinates": [[[-118.4942281, 34.2180568], [-118.4939224, 34.2180676], [-118.4939076, 34.2177796], [-118.4942133, 34.2177688], [-118.4942281, 34.2180568]]]}, "properties": {"tile_id": "103001010C12B000_031311102120_r009_c008", "class": "plane", "score": 0.945, "long_side_px": 104.8, "heading_deg": 88.4}}, {"type": "Feature", "geometry": {"type": "Polygon", "coordinates": [[[-118.4930584, 34.2180844], [-118.4927012, 34.2180923], [-118.4926926, 34.2178239], [-118.4930498, 34.217816], [-118.4930584, 34.2180844]]]}, "properties": {"tile_id": "103001010C12B000_031311102120_r009_c008", "class": "plane", "score": 0.939, "long_side_px": 107.9, "heading_deg": 179.3}}, {"type": "Feature", "geometry": {"type": "Polygon", "coordinates": [[[-118.4922671, 34.2160039], [-118.492111, 34.2160219], [-118.4920954, 34.2159282], [-118.4922514, 34.2159102], [-118.4922671, 34.2160039]]]}, "properties": {"tile_id": "103001010C12B000_031311102120_r009_c008", "class": "plane", "score": 0.817, "long_side_px": 47.6, "heading_deg": 173.0}}, {"type": "Feature", "geometry": {"type": "Polygon", "coordinates": [[[-118.493154, 34.2181126], [-118.4927308, 34.2180906], [-118.4927407, 34.2179598], [-118.4931639, 34.2179818], [-118.493154, 34.2181126]]]}, "properties": {"tile_id": "103001010C12B000_031311102120_r009_c008", "class": "plane", "score": 0.572, "long_side_px": 128.0, "heading_deg": 4.4}}, {"type": "Feature", "geometry": {"type": "Polygon", "coordinates": [[[-118.4881856, 34.2158103], [-118.4880514, 34.2157955], [-118.4880697, 34.215681], [-118.4882039, 34.2156958], [-118.4881856, 34.2158103]]]}, "properties": {"tile_id": "103001010C12B000_031311102120_r009_c009", "class": "plane", "score": 0.847, "long_side_px": 42.0, "heading_deg": 98.4}}, {"type": "Feature", "geometry": {"type": "Polygon", "coordinates": [[[-118.4880285, 34.2157829], [-118.487891, 34.2157825], [-118.4878915, 34.2156657], [-118.488029, 34.2156661], [-118.4880285, 34.2157829]]]}, "properties": {"tile_id": "103001010C12B000_031311102120_r009_c009", "class": "plane", "score": 0.815, "long_side_px": 42.4, "heading_deg": 91.0}}, {"type": "Feature", "geometry": {"type": "Polygon", "coordinates": [[[-118.4883229, 34.2171385], [-118.4880454, 34.2169959], [-118.4881747, 34.2168224], [-118.4884521, 34.2169651], [-118.4883229, 34.2171385]]]}, "properties": {"tile_id": "103001010C12B000_031311102120_r009_c009", "class": "plane", "score": 0.651, "long_side_px": 98.5, "heading_deg": 32.6}}, {"type": "Feature", "geometry": {"type": "Polygon", "coordinates": [[[-118.4883504, 34.21585], [-118.4882166, 34.2157765], [-118.4883061, 34.2156639], [-118.48844, 34.2157374], [-118.4883504, 34.21585]]]}, "properties": {"tile_id": "103001010C12B000_031311102120_r009_c009", "class": "helicopter", "score": 0.621, "long_side_px": 49.0, "heading_deg": 124.3}}, {"type": "Feature", "geometry": {"type": "Polygon", "coordinates": [[[-118.4888038, 34.2170823], [-118.4884806, 34.2171707], [-118.4884147, 34.2170047], [-118.488738, 34.2169163], [-118.4888038, 34.2170823]]]}, "properties": {"tile_id": "103001010C12B000_031311102120_r009_c009", "class": "plane", "score": 0.585, "long_side_px": 102.8, "heading_deg": 162.6}}, {"type": "Feature", "geometry": {"type": "Polygon", "coordinates": [[[-118.4850408, 34.2162401], [-118.4848214, 34.2163894], [-118.4846324, 34.2161978], [-118.4848518, 34.2160485], [-118.4850408, 34.2162401]]]}, "properties": {"tile_id": "103001010C12B000_031311102120_r009_c010", "class": "plane", "score": 0.871, "long_side_px": 90.0, "heading_deg": 51.5}}, {"type": "Feature", "geometry": {"type": "Polygon", "coordinates": [[[-118.4856771, 34.2153671], [-118.485404, 34.2154979], [-118.4852872, 34.2153297], [-118.4855604, 34.2151989], [-118.4856771, 34.2153671]]]}, "properties": {"tile_id": "103001010C12B000_031311102120_r009_c010", "class": "plane", "score": 0.684, "long_side_px": 95.2, "heading_deg": 150.9}}, {"type": "Feature", "geometry": {"type": "Polygon", "coordinates": [[[-118.4846401, 34.2173726], [-118.484555, 34.2173612], [-118.4845626, 34.2173221], [-118.4846477, 34.2173335], [-118.4846401, 34.2173726]]]}, "properties": {"tile_id": "103001010C12B000_031311102120_r009_c010", "class": "small-vehicle", "score": 0.658, "long_side_px": 26.0, "heading_deg": 10.0}}, {"type": "Feature", "geometry": {"type": "Polygon", "coordinates": [[[-118.4870426, 34.2170061], [-118.486951, 34.2170007], [-118.4869541, 34.2169645], [-118.4870456, 34.2169699], [-118.4870426, 34.2170061]]]}, "properties": {"tile_id": "103001010C12B000_031311102120_r009_c010", "class": "small-vehicle", "score": 0.635, "long_side_px": 27.7, "heading_deg": 4.9}}, {"type": "Feature", "geometry": {"type": "Polygon", "coordinates": [[[-118.4856353, 34.2179027], [-118.4855669, 34.2179281], [-118.4855512, 34.217899], [-118.4856196, 34.2178736], [-118.4856353, 34.2179027]]]}, "properties": {"tile_id": "103001010C12B000_031311102120_r009_c010", "class": "small-vehicle", "score": 0.551, "long_side_px": 22.6, "heading_deg": 156.7}}, {"type": "Feature", "geometry": {"type": "Polygon", "coordinates": [[[-118.4820398, 34.2180651], [-118.4818112, 34.2180676], [-118.4818082, 34.2178777], [-118.4820368, 34.2178752], [-118.4820398, 34.2180651]]]}, "properties": {"tile_id": "103001010C12B000_031311102120_r009_c011", "class": "storage-tank", "score": 0.925, "long_side_px": 69.0, "heading_deg": 0.1}}, {"type": "Feature", "geometry": {"type": "Polygon", "coordinates": [[[-118.4818296, 34.2175821], [-118.4815617, 34.2175945], [-118.4815475, 34.217384], [-118.4818154, 34.2173715], [-118.4818296, 34.2175821]]]}, "properties": {"tile_id": "103001010C12B000_031311102120_r009_c011", "class": "storage-tank", "score": 0.923, "long_side_px": 81.0, "heading_deg": 177.6}}, {"type": "Feature", "geometry": {"type": "Polygon", "coordinates": [[[-118.4822917, 34.218115], [-118.4820551, 34.2181152], [-118.4820549, 34.2179201], [-118.4822915, 34.21792], [-118.4822917, 34.218115]]]}, "properties": {"tile_id": "103001010C12B000_031311102120_r009_c011", "class": "storage-tank", "score": 0.882, "long_side_px": 71.4, "heading_deg": 0.8}}, {"type": "Feature", "geometry": {"type": "Polygon", "coordinates": [[[-118.4817376, 34.2179522], [-118.4815943, 34.2179636], [-118.4815813, 34.2178508], [-118.4817245, 34.2178394], [-118.4817376, 34.2179522]]]}, "properties": {"tile_id": "103001010C12B000_031311102120_r009_c011", "class": "storage-tank", "score": 0.831, "long_side_px": 43.4, "heading_deg": 175.3}}, {"type": "Feature", "geometry": {"type": "Polygon", "coordinates": [[[-118.4836731, 34.2158401], [-118.4836349, 34.2158372], [-118.483642, 34.2157733], [-118.4836801, 34.2157762], [-118.4836731, 34.2158401]]]}, "properties": {"tile_id": "103001010C12B000_031311102120_r009_c011", "class": "small-vehicle", "score": 0.655, "long_side_px": 23.3, "heading_deg": 96.1}}, {"type": "Feature", "geometry": {"type": "Polygon", "coordinates": [[[-118.4816068, 34.2177609], [-118.4814912, 34.217776], [-118.4814739, 34.2176848], [-118.4815895, 34.2176697], [-118.4816068, 34.2177609]]]}, "properties": {"tile_id": "103001010C12B000_031311102120_r009_c011", "class": "storage-tank", "score": 0.644, "long_side_px": 35.3, "heading_deg": 171.9}}, {"type": "Feature", "geometry": {"type": "Polygon", "coordinates": [[[-118.4836148, 34.2160238], [-118.4835742, 34.2160241], [-118.4835734, 34.2159571], [-118.483614, 34.2159568], [-118.4836148, 34.2160238]]]}, "properties": {"tile_id": "103001010C12B000_031311102120_r009_c011", "class": "small-vehicle", "score": 0.568, "long_side_px": 24.4, "heading_deg": 90.3}}, {"type": "Feature", "geometry": {"type": "Polygon", "coordinates": [[[-118.4836727, 34.2159417], [-118.4836327, 34.2159401], [-118.4836367, 34.2158699], [-118.4836768, 34.2158715], [-118.4836727, 34.2159417]]]}, "properties": {"tile_id": "103001010C12B000_031311102120_r009_c011", "class": "small-vehicle", "score": 0.56, "long_side_px": 25.6, "heading_deg": 93.6}}, {"type": "Feature", "geometry": {"type": "Polygon", "coordinates": [[[-118.4837561, 34.2158944], [-118.4837146, 34.2158935], [-118.4837166, 34.2158299], [-118.4837581, 34.2158308], [-118.4837561, 34.2158944]]]}, "properties": {"tile_id": "103001010C12B000_031311102120_r009_c011", "class": "small-vehicle", "score": 0.56, "long_side_px": 23.1, "heading_deg": 92.3}}, {"type": "Feature", "geometry": {"type": "Polygon", "coordinates": [[[-118.4814675, 34.2161438], [-118.4813959, 34.2161451], [-118.4813951, 34.2161151], [-118.4814666, 34.2161137], [-118.4814675, 34.2161438]]]}, "properties": {"tile_id": "103001010C12B000_031311102120_r009_c011", "class": "small-vehicle", "score": 0.541, "long_side_px": 21.6, "heading_deg": 179.5}}, {"type": "Feature", "geometry": {"type": "Polygon", "coordinates": [[[-118.4814631, 34.2162222], [-118.4813964, 34.2162235], [-118.4813957, 34.216199], [-118.4814624, 34.2161977], [-118.4814631, 34.2162222]]]}, "properties": {"tile_id": "103001010C12B000_031311102120_r009_c011", "class": "small-vehicle", "score": 0.533, "long_side_px": 20.1, "heading_deg": 179.5}}, {"type": "Feature", "geometry": {"type": "Polygon", "coordinates": [[[-118.4777532, 34.215574], [-118.4776737, 34.2155817], [-118.4776692, 34.21555], [-118.4777488, 34.2155423], [-118.4777532, 34.215574]]]}, "properties": {"tile_id": "103001010C12B000_031311102120_r009_c012", "class": "small-vehicle", "score": 0.602, "long_side_px": 24.2, "heading_deg": 174.2}}, {"type": "Feature", "geometry": {"type": "Polygon", "coordinates": [[[-118.4777437, 34.2156022], [-118.4776799, 34.2156076], [-118.4776765, 34.2155797], [-118.4777402, 34.2155743], [-118.4777437, 34.2156022]]]}, "properties": {"tile_id": "103001010C12B000_031311102120_r009_c012", "class": "small-vehicle", "score": 0.525, "long_side_px": 19.3, "heading_deg": 175.0}}, {"type": "Feature", "geometry": {"type": "Polygon", "coordinates": [[[-118.4743908, 34.2177604], [-118.4740712, 34.2177826], [-118.4740489, 34.2175611], [-118.4743685, 34.2175389], [-118.4743908, 34.2177604]]]}, "properties": {"tile_id": "103001010C12B000_031311102120_r009_c013", "class": "storage-tank", "score": 0.929, "long_side_px": 96.8, "heading_deg": 176.0}}, {"type": "Feature", "geometry": {"type": "Polygon", "coordinates": [[[-118.4745946, 34.217423], [-118.4744088, 34.2174342], [-118.474398, 34.2173105], [-118.4745838, 34.2172993], [-118.4745946, 34.217423]]]}, "properties": {"tile_id": "103001010C12B000_031311102120_r009_c013", "class": "storage-tank", "score": 0.878, "long_side_px": 56.2, "heading_deg": 176.7}}, {"type": "Feature", "geometry": {"type": "Polygon", "coordinates": [[[-118.4771536, 34.2165529], [-118.4770723, 34.2165575], [-118.4770694, 34.216523], [-118.4771507, 34.2165183], [-118.4771536, 34.2165529]]]}, "properties": {"tile_id": "103001010C12B000_031311102120_r009_c013", "class": "small-vehicle", "score": 0.699, "long_side_px": 24.6, "heading_deg": 176.9}}, {"type": "Feature", "geometry": {"type": "Polygon", "coordinates": [[[-118.4742927, 34.2174623], [-118.4741223, 34.2174695], [-118.4741149, 34.2173484], [-118.4742853, 34.2173412], [-118.4742927, 34.2174623]]]}, "properties": {"tile_id": "103001010C12B000_031311102120_r009_c013", "class": "storage-tank", "score": 0.693, "long_side_px": 51.5, "heading_deg": 177.9}}, {"type": "Feature", "geometry": {"type": "Polygon", "coordinates": [[[-118.477149, 34.216475], [-118.4770692, 34.2164779], [-118.4770676, 34.2164468], [-118.4771474, 34.2164439], [-118.477149, 34.216475]]]}, "properties": {"tile_id": "103001010C12B000_031311102120_r009_c013", "class": "small-vehicle", "score": 0.67, "long_side_px": 24.1, "heading_deg": 178.4}}, {"type": "Feature", "geometry": {"type": "Polygon", "coordinates": [[[-118.4771584, 34.2166449], [-118.4770718, 34.2166497], [-118.477069, 34.2166152], [-118.4771557, 34.2166105], [-118.4771584, 34.2166449]]]}, "properties": {"tile_id": "103001010C12B000_031311102120_r009_c013", "class": "small-vehicle", "score": 0.651, "long_side_px": 26.2, "heading_deg": 177.0}}, {"type": "Feature", "geometry": {"type": "Polygon", "coordinates": [[[-118.4771463, 34.216519], [-118.4770799, 34.2165227], [-118.4770777, 34.2164963], [-118.4771441, 34.2164926], [-118.4771463, 34.216519]]]}, "properties": {"tile_id": "103001010C12B000_031311102120_r009_c013", "class": "small-vehicle", "score": 0.606, "long_side_px": 20.1, "heading_deg": 177.0}}, {"type": "Feature", "geometry": {"type": "Polygon", "coordinates": [[[-118.4771559, 34.2165889], [-118.4770737, 34.2165935], [-118.4770713, 34.216564], [-118.4771535, 34.2165593], [-118.4771559, 34.2165889]]]}, "properties": {"tile_id": "103001010C12B000_031311102120_r009_c013", "class": "small-vehicle", "score": 0.602, "long_side_px": 24.9, "heading_deg": 177.0}}, {"type": "Feature", "geometry": {"type": "Polygon", "coordinates": [[[-118.4764997, 34.2156145], [-118.4764253, 34.2156129], [-118.4764263, 34.2155808], [-118.4765007, 34.2155824], [-118.4764997, 34.2156145]]]}, "properties": {"tile_id": "103001010C12B000_031311102120_r009_c013", "class": "small-vehicle", "score": 0.6, "long_side_px": 22.5, "heading_deg": 2.3}}, {"type": "Feature", "geometry": {"type": "Polygon", "coordinates": [[[-118.4752713, 34.218229], [-118.4751939, 34.2182272], [-118.4751951, 34.2181923], [-118.4752724, 34.2181941], [-118.4752713, 34.218229]]]}, "properties": {"tile_id": "103001010C12B000_031311102120_r009_c013", "class": "small-vehicle", "score": 0.578, "long_side_px": 23.4, "heading_deg": 2.4}}, {"type": "Feature", "geometry": {"type": "Polygon", "coordinates": [[[-118.4740722, 34.2174657], [-118.4740136, 34.2174684], [-118.4740037, 34.2173174], [-118.4740623, 34.2173147], [-118.4740722, 34.2174657]]]}, "properties": {"tile_id": "103001010C12B000_031311102120_r009_c013", "class": "storage-tank", "score": 0.576, "long_side_px": 55.0, "heading_deg": 87.7}}, {"type": "Feature", "geometry": {"type": "Polygon", "coordinates": [[[-118.4771499, 34.2164447], [-118.4770761, 34.2164466], [-118.4770751, 34.2164192], [-118.477149, 34.2164173], [-118.4771499, 34.2164447]]]}, "properties": {"tile_id": "103001010C12B000_031311102120_r009_c013", "class": "small-vehicle", "score": 0.56, "long_side_px": 22.3, "heading_deg": 179.1}}, {"type": "Feature", "geometry": {"type": "Polygon", "coordinates": [[[-118.4753338, 34.2182086], [-118.4752592, 34.2182002], [-118.4752644, 34.2181686], [-118.4753389, 34.218177], [-118.4753338, 34.2182086]]]}, "properties": {"tile_id": "103001010C12B000_031311102120_r009_c013", "class": "small-vehicle", "score": 0.535, "long_side_px": 22.7, "heading_deg": 8.6}}, {"type": "Feature", "geometry": {"type": "Polygon", "coordinates": [[[-118.4740626, 34.2174951], [-118.4737893, 34.2175317], [-118.4737512, 34.2173351], [-118.4740244, 34.2172985], [-118.4740626, 34.2174951]]]}, "properties": {"tile_id": "103001010C12B000_031311102120_r009_c014", "class": "storage-tank", "score": 0.92, "long_side_px": 83.6, "heading_deg": 171.7}}, {"type": "Feature", "geometry": {"type": "Polygon", "coordinates": [[[-118.4740576, 34.2177497], [-118.4738107, 34.2177723], [-118.4737856, 34.2175838], [-118.4740325, 34.2175612], [-118.4740576, 34.2177497]]]}, "properties": {"tile_id": "103001010C12B000_031311102120_r009_c014", "class": "storage-tank", "score": 0.893, "long_side_px": 75.0, "heading_deg": 174.5}}, {"type": "Feature", "geometry": {"type": "Polygon", "coordinates": [[[-118.4720104, 34.2171611], [-118.4719391, 34.2171348], [-118.4719553, 34.2171044], [-118.4720267, 34.2171307], [-118.4720104, 34.2171611]]]}, "properties": {"tile_id": "103001010C12B000_031311102120_r009_c014", "class": "small-vehicle", "score": 0.684, "long_side_px": 23.6, "heading_deg": 24.8}}, {"type": "Feature", "geometry": {"type": "Polygon", "coordinates": [[[-118.4738192, 34.2163819], [-118.4737501, 34.2163851], [-118.4737482, 34.2163557], [-118.4738172, 34.2163525], [-118.4738192, 34.2163819]]]}, "properties": {"tile_id": "103001010C12B000_031311102120_r009_c014", "class": "small-vehicle", "score": 0.657, "long_side_px": 20.9, "heading_deg": 177.7}}, {"type": "Feature", "geometry": {"type": "Polygon", "coordinates": [[[-118.4720221, 34.2169701], [-118.4719283, 34.216966], [-118.4719306, 34.2169295], [-118.4720245, 34.2169337], [-118.4720221, 34.2169701]]]}, "properties": {"tile_id": "103001010C12B000_031311102120_r009_c014", "class": "small-vehicle", "score": 0.625, "long_side_px": 28.4, "heading_deg": 3.9}}, {"type": "Feature", "geometry": {"type": "Polygon", "coordinates": [[[-118.4718827, 34.217812], [-118.4718045, 34.2178167], [-118.4718014, 34.2177827], [-118.4718796, 34.2177779], [-118.4718827, 34.217812]]]}, "properties": {"tile_id": "103001010C12B000_031311102120_r009_c014", "class": "small-vehicle", "score": 0.615, "long_side_px": 23.7, "heading_deg": 176.6}}, {"type": "Feature", "geometry": {"type": "Polygon", "coordinates": [[[-118.4738141, 34.2158906], [-118.4737459, 34.215896], [-118.4737423, 34.2158647], [-118.4738105, 34.2158593], [-118.4738141, 34.2158906]]]}, "properties": {"tile_id": "103001010C12B000_031311102120_r009_c014", "class": "small-vehicle", "score": 0.611, "long_side_px": 20.7, "heading_deg": 175.4}}, {"type": "Feature", "geometry": {"type": "Polygon", "coordinates": [[[-118.4738076, 34.2158629], [-118.4737407, 34.2158665], [-118.4737384, 34.2158375], [-118.4738053, 34.2158339], [-118.4738076, 34.2158629]]]}, "properties": {"tile_id": "103001010C12B000_031311102120_r009_c014", "class": "small-vehicle", "score": 0.58, "long_side_px": 20.2, "heading_deg": 177.1}}, {"type": "Feature", "geometry": {"type": "Polygon", "coordinates": [[[-118.4730761, 34.2182378], [-118.4730251, 34.2182363], [-118.4730322, 34.2180768], [-118.4730832, 34.2180783], [-118.4730761, 34.2182378]]]}, "properties": {"tile_id": "103001010C12B000_031311102120_r009_c014", "class": "large-vehicle", "score": 0.578, "long_side_px": 58.0, "heading_deg": 92.9}}, {"type": "Feature", "geometry": {"type": "Polygon", "coordinates": [[[-118.4719454, 34.217019], [-118.4718653, 34.2170219], [-118.4718634, 34.2169856], [-118.4719435, 34.2169827], [-118.4719454, 34.217019]]]}, "properties": {"tile_id": "103001010C12B000_031311102120_r009_c014", "class": "small-vehicle", "score": 0.541, "long_side_px": 24.2, "heading_deg": 178.3}}, {"type": "Feature", "geometry": {"type": "Polygon", "coordinates": [[[-118.4738089, 34.2159788], [-118.473744, 34.2159865], [-118.4737391, 34.2159582], [-118.473804, 34.2159505], [-118.4738089, 34.2159788]]]}, "properties": {"tile_id": "103001010C12B000_031311102120_r009_c014", "class": "small-vehicle", "score": 0.541, "long_side_px": 19.8, "heading_deg": 172.7}}, {"type": "Feature", "geometry": {"type": "Polygon", "coordinates": [[[-118.4723013, 34.2171275], [-118.4722443, 34.2171099], [-118.4722565, 34.2170828], [-118.4723134, 34.2171004], [-118.4723013, 34.2171275]]]}, "properties": {"tile_id": "103001010C12B000_031311102120_r009_c014", "class": "small-vehicle", "score": 0.539, "long_side_px": 18.3, "heading_deg": 21.3}}, {"type": "Feature", "geometry": {"type": "Polygon", "coordinates": [[[-118.4708641, 34.2172881], [-118.4707913, 34.217294], [-118.4707877, 34.2172639], [-118.4708606, 34.217258], [-118.4708641, 34.2172881]]]}, "properties": {"tile_id": "103001010C12B000_031311102120_r009_c014", "class": "small-vehicle", "score": 0.535, "long_side_px": 22.1, "heading_deg": 175.2}}, {"type": "Feature", "geometry": {"type": "Polygon", "coordinates": [[[-118.473366, 34.2165909], [-118.4733271, 34.2165855], [-118.4733407, 34.2165176], [-118.4733797, 34.216523], [-118.473366, 34.2165909]]]}, "properties": {"tile_id": "103001010C12B000_031311102120_r009_c014", "class": "small-vehicle", "score": 0.533, "long_side_px": 25.0, "heading_deg": 100.3}}, {"type": "Feature", "geometry": {"type": "Polygon", "coordinates": [[[-118.4689243, 34.2178014], [-118.4688855, 34.2178161], [-118.4688491, 34.2177499], [-118.4688879, 34.2177352], [-118.4689243, 34.2178014]]]}, "properties": {"tile_id": "103001010C12B000_031311102120_r009_c015", "class": "small-vehicle", "score": 0.704, "long_side_px": 26.5, "heading_deg": 66.3}}, {"type": "Feature", "geometry": {"type": "Polygon", "coordinates": [[[-118.4700341, 34.2176985], [-118.469949, 34.2177215], [-118.469937, 34.217691], [-118.4700221, 34.217668], [-118.4700341, 34.2176985]]]}, "properties": {"tile_id": "103001010C12B000_031311102120_r009_c015", "class": "small-vehicle", "score": 0.604, "long_side_px": 27.0, "heading_deg": 162.8}}, {"type": "Feature", "geometry": {"type": "Polygon", "coordinates": [[[-118.4694367, 34.2171303], [-118.4693784, 34.2171522], [-118.4693662, 34.2171297], [-118.4694244, 34.2171078], [-118.4694367, 34.2171303]]]}, "properties": {"tile_id": "103001010C12B000_031311102120_r009_c015", "class": "small-vehicle", "score": 0.535, "long_side_px": 19.3, "heading_deg": 156.5}}, {"type": "Feature", "geometry": {"type": "Polygon", "coordinates": [[[-118.4690228, 34.2169735], [-118.468963, 34.2169995], [-118.4689464, 34.2169732], [-118.4690062, 34.2169471], [-118.4690228, 34.2169735]]]}, "properties": {"tile_id": "103001010C12B000_031311102120_r009_c015", "class": "small-vehicle", "score": 0.525, "long_side_px": 20.4, "heading_deg": 153.2}}, {"type": "Feature", "geometry": {"type": "Polygon", "coordinates": [[[-118.4667128, 34.2157973], [-118.4666457, 34.2157978], [-118.4666453, 34.2157678], [-118.4667124, 34.2157672], [-118.4667128, 34.2157973]]]}, "properties": {"tile_id": "103001010C12B000_031311102120_r009_c016", "class": "ship", "score": 0.576, "long_side_px": 20.2, "heading_deg": 0.2}}, {"type": "Feature", "geometry": {"type": "Polygon", "coordinates": [[[-118.4667321, 34.2157665], [-118.4666546, 34.2157625], [-118.4666571, 34.2157294], [-118.4667346, 34.2157334], [-118.4667321, 34.2157665]]]}, "properties": {"tile_id": "103001010C12B000_031311102120_r009_c016", "class": "ship", "score": 0.541, "long_side_px": 23.4, "heading_deg": 4.4}}, {"type": "Feature", "geometry": {"type": "Polygon", "coordinates": [[[-118.4654119, 34.2159238], [-118.4653276, 34.2159068], [-118.4653366, 34.2158761], [-118.4654209, 34.2158931], [-118.4654119, 34.2159238]]]}, "properties": {"tile_id": "103001010C12B000_031311102120_r009_c016", "class": "ship", "score": 0.533, "long_side_px": 26.2, "heading_deg": 14.5}}, {"type": "Feature", "geometry": {"type": "Polygon", "coordinates": [[[-118.5186686, 34.2133219], [-118.5186305, 34.2133178], [-118.5186394, 34.21326], [-118.5186775, 34.2132641], [-118.5186686, 34.2133219]]]}, "properties": {"tile_id": "103001010C12B000_031311102120_r010_c000", "class": "small-vehicle", "score": 0.628, "long_side_px": 21.2, "heading_deg": 98.2}}, {"type": "Feature", "geometry": {"type": "Polygon", "coordinates": [[[-118.5184998, 34.2138071], [-118.5184597, 34.2138065], [-118.5184612, 34.2137409], [-118.5185013, 34.2137415], [-118.5184998, 34.2138071]]]}, "properties": {"tile_id": "103001010C12B000_031311102120_r010_c000", "class": "small-vehicle", "score": 0.617, "long_side_px": 23.8, "heading_deg": 92.0}}, {"type": "Feature", "geometry": {"type": "Polygon", "coordinates": [[[-118.5186185, 34.2126152], [-118.5185817, 34.2126111], [-118.5185913, 34.2125507], [-118.5186281, 34.2125548], [-118.5186185, 34.2126152]]]}, "properties": {"tile_id": "103001010C12B000_031311102120_r010_c000", "class": "small-vehicle", "score": 0.562, "long_side_px": 22.1, "heading_deg": 98.4}}, {"type": "Feature", "geometry": {"type": "Polygon", "coordinates": [[[-118.5141803, 34.2137903], [-118.5141504, 34.2137877], [-118.514157, 34.213735], [-118.5141869, 34.2137376], [-118.5141803, 34.2137903]]]}, "properties": {"tile_id": "103001010C12B000_031311102120_r010_c002", "class": "small-vehicle", "score": 0.602, "long_side_px": 19.3, "heading_deg": 96.8}}, {"type": "Feature", "geometry": {"type": "Polygon", "coordinates": [[[-118.5088981, 34.2142544], [-118.508822, 34.2142621], [-118.5088173, 34.2142301], [-118.5088933, 34.2142224], [-118.5088981, 34.2142544]]]}, "properties": {"tile_id": "103001010C12B000_031311102120_r010_c003", "class": "ship", "score": 0.632, "long_side_px": 23.1, "heading_deg": 173.9}}, {"type": "Feature", "geometry": {"type": "Polygon", "coordinates": [[[-118.5055547, 34.2131788], [-118.5055182, 34.2131767], [-118.5055231, 34.2131157], [-118.5055596, 34.2131177], [-118.5055547, 34.2131788]]]}, "properties": {"tile_id": "103001010C12B000_031311102120_r010_c004", "class": "small-vehicle", "score": 0.606, "long_side_px": 22.2, "heading_deg": 94.6}}, {"type": "Feature", "geometry": {"type": "Polygon", "coordinates": [[[-118.5012374, 34.213826], [-118.5011994, 34.2138219], [-118.5012079, 34.2137685], [-118.5012459, 34.2137727], [-118.5012374, 34.213826]]]}, "properties": {"tile_id": "103001010C12B000_031311102120_r010_c005", "class": "small-vehicle", "score": 0.541, "long_side_px": 19.6, "heading_deg": 98.3}}, {"type": "Feature", "geometry": {"type": "Polygon", "coordinates": [[[-118.4997827, 34.2147142], [-118.4996414, 34.2147184], [-118.499638, 34.21464], [-118.4997793, 34.2146359], [-118.4997827, 34.2147142]]]}, "properties": {"tile_id": "103001010C12B000_031311102120_r010_c006", "class": "plane", "score": 0.89, "long_side_px": 42.7, "heading_deg": 178.8}}, {"type": "Feature", "geometry": {"type": "Polygon", "coordinates": [[[-118.4998509, 34.2147663], [-118.4997206, 34.21477], [-118.4997174, 34.2146928], [-118.4998477, 34.2146891], [-118.4998509, 34.2147663]]]}, "properties": {"tile_id": "103001010C12B000_031311102120_r010_c006", "class": "plane", "score": 0.888, "long_side_px": 39.4, "heading_deg": 178.9}}, {"type": "Feature", "geometry": {"type": "Polygon", "coordinates": [[[-118.4999162, 34.2147118], [-118.4997926, 34.2147118], [-118.4997926, 34.214639], [-118.4999162, 34.2146389], [-118.4999162, 34.2147118]]]}, "properties": {"tile_id": "103001010C12B000_031311102120_r010_c006", "class": "plane", "score": 0.882, "long_side_px": 37.3, "heading_deg": 0.8}}, {"type": "Feature", "geometry": {"type": "Polygon", "coordinates": [[[-118.4999218, 34.2149853], [-118.4997887, 34.214984], [-118.4997899, 34.214903], [-118.499923, 34.2149043], [-118.4999218, 34.2149853]]]}, "properties": {"tile_id": "103001010C12B000_031311102120_r010_c006", "class": "plane", "score": 0.878, "long_side_px": 40.2, "heading_deg": 1.5}}, {"type": "Feature", "geometry": {"type": "Polygon", "coordinates": [[[-118.499698, 34.2150432], [-118.4995749, 34.2150368], [-118.4995816, 34.2149488], [-118.4997047, 34.2149553], [-118.499698, 34.2150432]]]}, "properties": {"tile_id": "103001010C12B000_031311102120_r010_c006", "class": "plane", "score": 0.874, "long_side_px": 37.2, "heading_deg": 4.5}}, {"type": "Feature", "geometry": {"type": "Polygon", "coordinates": [[[-118.4984677, 34.2150353], [-118.4983517, 34.2150348], [-118.4983522, 34.2149521], [-118.4984682, 34.2149526], [-118.4984677, 34.2150353]]]}, "properties": {"tile_id": "103001010C12B000_031311102120_r010_c006", "class": "plane", "score": 0.866, "long_side_px": 35.0, "heading_deg": 1.1}}, {"type": "Feature", "geometry": {"type": "Polygon", "coordinates": [[[-118.5000588, 34.2147127], [-118.4999458, 34.2147119], [-118.4999465, 34.2146386], [-118.5000595, 34.2146394], [-118.5000588, 34.2147127]]]}, "properties": {"tile_id": "103001010C12B000_031311102120_r010_c006", "class": "plane", "score": 0.865, "long_side_px": 34.1, "heading_deg": 1.3}}, {"type": "Feature", "geometry": {"type": "Polygon", "coordinates": [[[-118.5001372, 34.2150314], [-118.5000138, 34.2150374], [-118.5000087, 34.2149632], [-118.500132, 34.2149573], [-118.5001372, 34.2150314]]]}, "properties": {"tile_id": "103001010C12B000_031311102120_r010_c006", "class": "plane", "score": 0.862, "long_side_px": 37.3, "heading_deg": 177.5}}, {"type": "Feature", "geometry": {"type": "Polygon", "coordinates": [[[-118.4994161, 34.2147678], [-118.4992786, 34.2147707], [-118.4992759, 34.2146848], [-118.4994134, 34.2146819], [-118.4994161, 34.2147678]]]}, "properties": {"tile_id": "103001010C12B000_031311102120_r010_c006", "class": "plane", "score": 0.862, "long_side_px": 41.5, "heading_deg": 179.4}}, {"type": "Feature", "geometry": {"type": "Polygon", "coordinates": [[[-118.4994889, 34.2149863], [-118.4993629, 34.2149928], [-118.4993568, 34.2149124], [-118.4994828, 34.2149058], [-118.4994889, 34.2149863]]]}, "properties": {"tile_id": "103001010C12B000_031311102120_r010_c006", "class": "plane", "score": 0.861, "long_side_px": 38.1, "heading_deg": 177.2}}, {"type": "Feature", "geometry": {"type": "Polygon", "coordinates": [[[-118.4998415, 34.2150341], [-118.4997197, 34.2150288], [-118.4997245, 34.214953], [-118.4998464, 34.2149584], [-118.4998415, 34.2150341]]]}, "properties": {"tile_id": "103001010C12B000_031311102120_r010_c006", "class": "plane", "score": 0.86, "long_side_px": 36.8, "heading_deg": 3.9}}, {"type": "Feature", "geometry": {"type": "Polygon", "coordinates": [[[-118.4989147, 34.2148079], [-118.4987769, 34.21481], [-118.4987749, 34.2147196], [-118.4989127, 34.2147175], [-118.4989147, 34.2148079]]]}, "properties": {"tile_id": "103001010C12B000_031311102120_r010_c006", "class": "plane", "score": 0.86, "long_side_px": 41.6, "heading_deg": 179.8}}, {"type": "Feature", "geometry": {"type": "Polygon", "coordinates": [[[-118.499347, 34.2149918], [-118.4992095, 34.2149944], [-118.4992071, 34.2149087], [-118.4993447, 34.2149061], [-118.499347, 34.2149918]]]}, "properties": {"tile_id": "103001010C12B000_031311102120_r010_c006", "class": "plane", "score": 0.857, "long_side_px": 41.5, "heading_deg": 179.5}}, {"type": "Feature", "geometry": {"type": "Polygon", "coordinates": [[[-118.5001424, 34.2147714], [-118.5000079, 34.2147667], [-118.5000121, 34.2146826], [-118.5001466, 34.2146873], [-118.5001424, 34.2147714]]]}, "properties": {"tile_id": "103001010C12B000_031311102120_r010_c006", "class": "plane", "score": 0.852, "long_side_px": 40.6, "heading_deg": 3.2}}, {"type": "Feature", "geometry": {"type": "Polygon", "coordinates": [[[-118.4983388, 34.2150349], [-118.4981935, 34.2150392], [-118.4981895, 34.2149457], [-118.4983348, 34.2149414], [-118.4983388, 34.2150349]]]}, "properties": {"tile_id": "103001010C12B000_031311102120_r010_c006", "class": "plane", "score": 0.848, "long_side_px": 43.9, "heading_deg": 178.8}}, {"type": "Feature", "geometry": {"type": "Polygon", "coordinates": [[[-118.4987688, 34.2148128], [-118.4986263, 34.2148057], [-118.4986327, 34.2147175], [-118.4987752, 34.2147246], [-118.4987688, 34.2148128]]]}, "properties": {"tile_id": "103001010C12B000_031311102120_r010_c006", "class": "plane", "score": 0.848, "long_side_px": 43.1, "heading_deg": 4.3}}, {"type": "Feature", "geometry": {"type": "Polygon", "coordinates": [[[-118.4987712, 34.2150344], [-118.498637, 34.2150397], [-118.4986317, 34.2149469], [-118.4987659, 34.2149416], [-118.4987712, 34.2150344]]]}, "properties": {"tile_id": "103001010C12B000_031311102120_r010_c006", "class": "plane", "score": 0.846, "long_side_px": 40.6, "heading_deg": 178.1}}, {"type": "Feature", "geometry": {"type": "Polygon", "coordinates": [[[-118.499558, 34.215042], [-118.4994205, 34.2150335], [-118.4994284, 34.2149454], [-118.4995659, 34.2149539], [-118.499558, 34.215042]]]}, "properties": {"tile_id": "103001010C12B000_031311102120_r010_c006", "class": "plane", "score": 0.845, "long_side_px": 41.6, "heading_deg": 5.1}}, {"type": "Feature", "geometry": {"type": "Polygon", "coordinates": [[[-118.4997631, 34.2149903], [-118.4996336, 34.2149781], [-118.4996439, 34.2149031], [-118.4997734, 34.2149154], [-118.4997631, 34.2149903]]]}, "properties": {"tile_id": "103001010C12B000_031311102120_r010_c006", "class": "plane", "score": 0.843, "long_side_px": 39.3, "heading_deg": 7.4}}, {"type": "Feature", "geometry": {"type": "Polygon", "coordinates": [[[-118.4997063, 34.2147614], [-118.499574, 34.2147638], [-118.4995719, 34.2146834], [-118.4997042, 34.214681], [-118.4997063, 34.2147614]]]}, "properties": {"tile_id": "103001010C12B000_031311102120_r010_c006", "class": "plane", "score": 0.841, "long_side_px": 39.9, "heading_deg": 179.6}}, {"type": "Feature", "geometry": {"type": "Polygon", "coordinates": [[[-118.4983339, 34.2147991], [-118.4982003, 34.2148036], [-118.4981961, 34.2147164], [-118.4983297, 34.2147119], [-118.4983339, 34.2147991]]]}, "properties": {"tile_id": "103001010C12B000_031311102120_r010_c006", "class": "plane", "score": 0.837, "long_side_px": 40.4, "heading_deg": 178.5}}, {"type": "Feature", "geometry": {"type": "Polygon", "coordinates": [[[-118.4993339, 34.2151554], [-118.4992305, 34.2151407], [-118.4992519, 34.2150363], [-118.4993553, 34.2150509], [-118.4993339, 34.2151554]]]}, "properties": {"tile_id": "103001010C12B000_031311102120_r010_c006", "class": "plane", "score": 0.831, "long_side_px": 38.5, "heading_deg": 100.5}}, {"type": "Feature", "geometry": {"type": "Polygon", "coordinates": [[[-118.4987463, 34.2145911], [-118.4986166, 34.2145831], [-118.4986242, 34.2144986], [-118.4987538, 34.2145066], [-118.4987463, 34.2145911]]]}, "properties": {"tile_id": "103001010C12B000_031311102120_r010_c006", "class": "plane", "score": 0.831, "long_side_px": 39.2, "heading_deg": 5.1}}, {"type": "Feature", "geometry": {"type": "Polygon", "coordinates": [[[-118.4999856, 34.2147552], [-118.4998616, 34.2147565], [-118.4998606, 34.2146853], [-118.4999846, 34.214684], [-118.4999856, 34.2147552]]]}, "properties": {"tile_id": "103001010C12B000_031311102120_r010_c006", "class": "plane", "score": 0.808, "long_side_px": 37.4, "heading_deg": 0.1}}, {"type": "Feature", "geometry": {"type": "Polygon", "coordinates": [[[-118.499623, 34.2147181], [-118.4995068, 34.2147186], [-118.4995063, 34.2146439], [-118.4996225, 34.2146434], [-118.499623, 34.2147181]]]}, "properties": {"tile_id": "103001010C12B000_031311102120_r010_c006", "class": "plane", "score": 0.803, "long_side_px": 35.1, "heading_deg": 0.5}}, {"type": "Feature", "geometry": {"type": "Polygon", "coordinates": [[[-118.4983995, 34.2149873], [-118.4982673, 34.2149884], [-118.4982663, 34.2149063], [-118.4983986, 34.2149052], [-118.4983995, 34.2149873]]]}, "properties": {"tile_id": "103001010C12B000_031311102120_r010_c006", "class": "plane", "score": 0.794, "long_side_px": 39.9, "heading_deg": 0.3}}, {"type": "Feature", "geometry": {"type": "Polygon", "coordinates": [[[-118.4994875, 34.2147191], [-118.4993577, 34.214714], [-118.4993618, 34.2146408], [-118.4994917, 34.2146459], [-118.4994875, 34.2147191]]]}, "properties": {"tile_id": "103001010C12B000_031311102120_r010_c006", "class": "plane", "score": 0.785, "long_side_px": 39.2, "heading_deg": 3.5}}, {"type": "Feature", "geometry": {"type": "Polygon", "coordinates": [[[-118.5003885, 34.2135058], [-118.5003028, 34.2135264], [-118.5002696, 34.2134309], [-118.5003553, 34.2134103], [-118.5003885, 34.2135058]]]}, "properties": {"tile_id": "103001010C12B000_031311102120_r010_c006", "class": "plane", "score": 0.776, "long_side_px": 36.1, "heading_deg": 74.8}}, {"type": "Feature", "geometry": {"type": "Polygon", "coordinates": [[[-118.4988475, 34.2151908], [-118.4987182, 34.2151924], [-118.4987175, 34.2151572], [-118.4988468, 34.2151555], [-118.4988475, 34.2151908]]]}, "properties": {"tile_id": "103001010C12B000_031311102120_r010_c006", "class": "plane", "score": 0.759, "long_side_px": 39.0, "heading_deg": 180.0}}, {"type": "Feature", "geometry": {"type": "Polygon", "coordinates": [[[-118.4985541, 34.2151934], [-118.4984144, 34.2152003], [-118.4984113, 34.2151566], [-118.498551, 34.2151497], [-118.4985541, 34.2151934]]]}, "properties": {"tile_id": "103001010C12B000_031311102120_r010_c006", "class": "plane", "score": 0.753, "long_side_px": 42.2, "heading_deg": 177.4}}, {"type": "Feature", "geometry": {"type": "Polygon", "coordinates": [[[-118.4980335, 34.2140334], [-118.4979438, 34.2140391], [-118.4979403, 34.2140008], [-118.49803, 34.2139951], [-118.4980335, 34.2140334]]]}, "properties": {"tile_id": "103001010C12B000_031311102120_r010_c006", "class": "small-vehicle", "score": 0.706, "long_side_px": 27.2, "heading_deg": 176.5}}, {"type": "Feature", "geometry": {"type": "Polygon", "coordinates": [[[-118.500962, 34.2131816], [-118.5008845, 34.2131849], [-118.5008822, 34.213149], [-118.5009597, 34.2131456], [-118.500962, 34.2131816]]]}, "properties": {"tile_id": "103001010C12B000_031311102120_r010_c006", "class": "small-vehicle", "score": 0.669, "long_side_px": 23.4, "heading_deg": 177.9}}, {"type": "Feature", "geometry": {"type": "Polygon", "coordinates": [[[-118.5010747, 34.2128495], [-118.501034, 34.2128501], [-118.5010327, 34.2127899], [-118.5010734, 34.2127892], [-118.5010747, 34.2128495]]]}, "properties": {"tile_id": "103001010C12B000_031311102120_r010_c006", "class": "small-vehicle", "score": 0.653, "long_side_px": 21.9, "heading_deg": 89.8}}, {"type": "Feature", "geometry": {"type": "Polygon", "coordinates": [[[-118.4984648, 34.2125673], [-118.4983889, 34.212569], [-118.4983879, 34.2125364], [-118.4984638, 34.2125347], [-118.4984648, 34.2125673]]]}, "properties": {"tile_id": "103001010C12B000_031311102120_r010_c006", "class": "small-vehicle", "score": 0.651, "long_side_px": 22.9, "heading_deg": 179.3}}, {"type": "Feature", "geometry": {"type": "Polygon", "coordinates": [[[-118.5009332, 34.2133521], [-118.5008533, 34.2133543], [-118.5008519, 34.2133204], [-118.5009318, 34.2133182], [-118.5009332, 34.2133521]]]}, "properties": {"tile_id": "103001010C12B000_031311102120_r010_c006", "class": "small-vehicle", "score": 0.626, "long_side_px": 24.1, "heading_deg": 178.9}}, {"type": "Feature", "geometry": {"type": "Polygon", "coordinates": [[[-118.4984609, 34.2124787], [-118.4983896, 34.2124801], [-118.4983887, 34.2124489], [-118.49846, 34.2124475], [-118.4984609, 34.2124787]]]}, "properties": {"tile_id": "103001010C12B000_031311102120_r010_c006", "class": "small-vehicle", "score": 0.626, "long_side_px": 21.5, "heading_deg": 179.5}}, {"type": "Feature", "geometry": {"type": "Polygon", "coordinates": [[[-118.5007948, 34.2135054], [-118.5007144, 34.213513], [-118.5007101, 34.2134815], [-118.5007905, 34.2134739], [-118.5007948, 34.2135054]]]}, "properties": {"tile_id": "103001010C12B000_031311102120_r010_c006", "class": "small-vehicle", "score": 0.6, "long_side_px": 24.4, "heading_deg": 174.4}}, {"type": "Feature", "geometry": {"type": "Polygon", "coordinates": [[[-118.5008749, 34.2131859], [-118.500799, 34.213187], [-118.5007982, 34.2131523], [-118.5008742, 34.2131512], [-118.5008749, 34.2131859]]]}, "properties": {"tile_id": "103001010C12B000_031311102120_r010_c006", "class": "small-vehicle", "score": 0.596, "long_side_px": 22.9, "heading_deg": 179.8}}, {"type": "Feature", "geometry": {"type": "Polygon", "coordinates": [[[-118.5008057, 34.213434], [-118.5007333, 34.2134398], [-118.5007298, 34.2134094], [-118.5008022, 34.2134036], [-118.5008057, 34.213434]]]}, "properties": {"tile_id": "103001010C12B000_031311102120_r010_c006", "class": "small-vehicle", "score": 0.564, "long_side_px": 22.0, "heading_deg": 175.3}}, {"type": "Feature", "geometry": {"type": "Polygon", "coordinates": [[[-118.4980284, 34.2139679], [-118.4979338, 34.2139746], [-118.4979298, 34.2139358], [-118.4980244, 34.2139291], [-118.4980284, 34.2139679]]]}, "properties": {"tile_id": "103001010C12B000_031311102120_r010_c006", "class": "small-vehicle", "score": 0.555, "long_side_px": 28.6, "heading_deg": 175.9}}, {"type": "Feature", "geometry": {"type": "Polygon", "coordinates": [[[-118.5009885, 34.2145528], [-118.5009184, 34.2145616], [-118.5009123, 34.2145283], [-118.5009824, 34.2145194], [-118.5009885, 34.2145528]]]}, "properties": {"tile_id": "103001010C12B000_031311102120_r010_c006", "class": "small-vehicle", "score": 0.547, "long_side_px": 21.4, "heading_deg": 172.2}}, {"type": "Feature", "geometry": {"type": "Polygon", "coordinates": [[[-118.5005897, 34.2129599], [-118.500511, 34.2129571], [-118.5005127, 34.212923], [-118.5005914, 34.2129257], [-118.5005897, 34.2129599]]]}, "properties": {"tile_id": "103001010C12B000_031311102120_r010_c006", "class": "small-vehicle", "score": 0.545, "long_side_px": 23.8, "heading_deg": 3.2}}, {"type": "Feature", "geometry": {"type": "Polygon", "coordinates": [[[-118.5009529, 34.214809], [-118.5008685, 34.214823], [-118.5008613, 34.2147932], [-118.5009458, 34.2147793], [-118.5009529, 34.214809]]]}, "properties": {"tile_id": "103001010C12B000_031311102120_r010_c006", "class": "small-vehicle", "score": 0.539, "long_side_px": 26.0, "heading_deg": 169.6}}, {"type": "Feature", "geometry": {"type": "Polygon", "coordinates": [[[-118.5010753, 34.2126391], [-118.5010331, 34.2126403], [-118.5010307, 34.2125792], [-118.5010729, 34.2125781], [-118.5010753, 34.2126391]]]}, "properties": {"tile_id": "103001010C12B000_031311102120_r010_c006", "class": "small-vehicle", "score": 0.539, "long_side_px": 22.2, "heading_deg": 88.9}}, {"type": "Feature", "geometry": {"type": "Polygon", "coordinates": [[[-118.4988918, 34.2145857], [-118.4987791, 34.214588], [-118.4987769, 34.2145148], [-118.4988897, 34.2145126], [-118.4988918, 34.2145857]]]}, "properties": {"tile_id": "103001010C12B000_031311102120_r010_c006", "class": "plane", "score": 0.533, "long_side_px": 34.1, "heading_deg": 179.5}}, {"type": "Feature", "geometry": {"type": "Polygon", "coordinates": [[[-118.498367, 34.2134617], [-118.4983193, 34.213465], [-118.4983112, 34.2133833], [-118.4983589, 34.21338], [-118.498367, 34.2134617]]]}, "properties": {"tile_id": "103001010C12B000_031311102120_r010_c006", "class": "small-vehicle", "score": 0.533, "long_side_px": 29.8, "heading_deg": 86.1}}, {"type": "Feature", "geometry": {"type": "Polygon", "coordinates": [[[-118.4953997, 34.2137356], [-118.4951859, 34.2137312], [-118.4951871, 34.2136902], [-118.4954009, 34.2136946], [-118.4953997, 34.2137356]]]}, "properties": {"tile_id": "103001010C12B000_031311102120_r010_c007", "class": "ship", "score": 0.764, "long_side_px": 64.6, "heading_deg": 2.3}}, {"type": "Feature", "geometry": {"type": "Polygon", "coordinates": [[[-118.4976917, 34.2125151], [-118.4976191, 34.212521], [-118.4976147, 34.2124837], [-118.4976873, 34.2124778], [-118.4976917, 34.2125151]]]}, "properties": {"tile_id": "103001010C12B000_031311102120_r010_c007", "class": "ship", "score": 0.722, "long_side_px": 22.0, "heading_deg": 175.2}}, {"type": "Feature", "geometry": {"type": "Polygon", "coordinates": [[[-118.4976993, 34.2127898], [-118.4976443, 34.2127927], [-118.4976417, 34.2127589], [-118.4976967, 34.212756], [-118.4976993, 34.2127898]]]}, "properties": {"tile_id": "103001010C12B000_031311102120_r010_c007", "class": "ship", "score": 0.701, "long_side_px": 16.6, "heading_deg": 177.2}}, {"type": "Feature", "geometry": {"type": "Polygon", "coordinates": [[[-118.4954077, 34.2136629], [-118.4951856, 34.2136602], [-118.4951864, 34.2136169], [-118.4954085, 34.2136196], [-118.4954077, 34.2136629]]]}, "properties": {"tile_id": "103001010C12B000_031311102120_r010_c007", "class": "ship", "score": 0.676, "long_side_px": 67.1, "heading_deg": 1.7}}, {"type": "Feature", "geometry": {"type": "Polygon", "coordinates": [[[-118.4975467, 34.2128891], [-118.497476, 34.2128928], [-118.4974736, 34.2128617], [-118.4975444, 34.212858], [-118.4975467, 34.2128891]]]}, "properties": {"tile_id": "103001010C12B000_031311102120_r010_c007", "class": "small-vehicle", "score": 0.674, "long_side_px": 21.4, "heading_deg": 177.2}}, {"type": "Feature", "geometry": {"type": "Polygon", "coordinates": [[[-118.4976973, 34.2127353], [-118.4976588, 34.2127365], [-118.4976574, 34.2127059], [-118.4976959, 34.2127047], [-118.4976973, 34.2127353]]]}, "properties": {"tile_id": "103001010C12B000_031311102120_r010_c007", "class": "ship", "score": 0.666, "long_side_px": 11.6, "heading_deg": 178.7}}, {"type": "Feature", "geometry": {"type": "Polygon", "coordinates": [[[-118.4954222, 34.2136074], [-118.4952239, 34.21361], [-118.4952229, 34.213559], [-118.4954212, 34.2135564], [-118.4954222, 34.2136074]]]}, "properties": {"tile_id": "103001010C12B000_031311102120_r010_c007", "class": "ship", "score": 0.641, "long_side_px": 59.9, "heading_deg": 179.9}}, {"type": "Feature", "geometry": {"type": "Polygon", "coordinates": [[[-118.4976953, 34.2125959], [-118.497624, 34.2126012], [-118.4976198, 34.2125624], [-118.4976911, 34.212557], [-118.4976953, 34.2125959]]]}, "properties": {"tile_id": "103001010C12B000_031311102120_r010_c007", "class": "ship", "score": 0.637, "long_side_px": 21.6, "heading_deg": 175.7}}, {"type": "Feature", "geometry": {"type": "Polygon", "coordinates": [[[-118.4975392, 34.212657], [-118.4974546, 34.2126636], [-118.4974513, 34.2126346], [-118.4975359, 34.2126279], [-118.4975392, 34.212657]]]}, "properties": {"tile_id": "103001010C12B000_031311102120_r010_c007", "class": "small-vehicle", "score": 0.632, "long_side_px": 25.7, "heading_deg": 175.4}}, {"type": "Feature", "geometry": {"type": "Polygon", "coordinates": [[[-118.4975419, 34.2126269], [-118.4974617, 34.2126333], [-118.4974583, 34.212604], [-118.4975385, 34.2125976], [-118.4975419, 34.2126269]]]}, "properties": {"tile_id": "103001010C12B000_031311102120_r010_c007", "class": "small-vehicle", "score": 0.626, "long_side_px": 24.3, "heading_deg": 175.3}}, {"type": "Feature", "geometry": {"type": "Polygon", "coordinates": [[[-118.4976935, 34.2128155], [-118.4976355, 34.212818], [-118.4976338, 34.2127912], [-118.4976918, 34.2127886], [-118.4976935, 34.2128155]]]}, "properties": {"tile_id": "103001010C12B000_031311102120_r010_c007", "class": "ship", "score": 0.625, "long_side_px": 17.6, "heading_deg": 177.8}}, {"type": "Feature", "geometry": {"type": "Polygon", "coordinates": [[[-118.4957299, 34.2146523], [-118.4956457, 34.2146539], [-118.4956447, 34.2146193], [-118.4957289, 34.2146177], [-118.4957299, 34.2146523]]]}, "properties": {"tile_id": "103001010C12B000_031311102120_r010_c007", "class": "small-vehicle", "score": 0.574, "long_side_px": 25.4, "heading_deg": 179.5}}, {"type": "Feature", "geometry": {"type": "Polygon", "coordinates": [[[-118.4975377, 34.2127556], [-118.4974685, 34.2127611], [-118.4974654, 34.2127339], [-118.4975345, 34.2127284], [-118.4975377, 34.2127556]]]}, "properties": {"tile_id": "103001010C12B000_031311102120_r010_c007", "class": "small-vehicle", "score": 0.555, "long_side_px": 21.0, "heading_deg": 175.4}}, {"type": "Feature", "geometry": {"type": "Polygon", "coordinates": [[[-118.497544, 34.2125763], [-118.4974705, 34.2125779], [-118.4974696, 34.2125498], [-118.4975431, 34.2125483], [-118.497544, 34.2125763]]]}, "properties": {"tile_id": "103001010C12B000_031311102120_r010_c007", "class": "small-vehicle", "score": 0.553, "long_side_px": 22.2, "heading_deg": 179.4}}, {"type": "Feature", "geometry": {"type": "Polygon", "coordinates": [[[-118.4974556, 34.2145156], [-118.4973852, 34.2145434], [-118.4973686, 34.2145144], [-118.4974389, 34.2144866], [-118.4974556, 34.2145156]]]}, "properties": {"tile_id": "103001010C12B000_031311102120_r010_c007", "class": "small-vehicle", "score": 0.529, "long_side_px": 23.5, "heading_deg": 155.3}}, {"type": "Feature", "geometry": {"type": "Polygon", "coordinates": [[[-118.496755, 34.2139834], [-118.4966908, 34.2139853], [-118.4966896, 34.2139579], [-118.4967539, 34.213956], [-118.496755, 34.2139834]]]}, "properties": {"tile_id": "103001010C12B000_031311102120_r010_c007", "class": "small-vehicle", "score": 0.525, "long_side_px": 19.4, "heading_deg": 178.8}}, {"type": "Feature", "geometry": {"type": "Polygon", "coordinates": [[[-118.4922924, 34.2132175], [-118.4922349, 34.213259], [-118.4922086, 34.2132339], [-118.4922661, 34.2131924], [-118.4922924, 34.2132175]]]}, "properties": {"tile_id": "103001010C12B000_031311102120_r010_c008", "class": "small-vehicle", "score": 0.611, "long_side_px": 23.0, "heading_deg": 139.8}}, {"type": "Feature", "geometry": {"type": "Polygon", "coordinates": [[[-118.4922843, 34.2133965], [-118.4922098, 34.2133929], [-118.4922121, 34.2133604], [-118.4922866, 34.213364], [-118.4922843, 34.2133965]]]}, "properties": {"tile_id": "103001010C12B000_031311102120_r010_c008", "class": "small-vehicle", "score": 0.6, "long_side_px": 22.5, "heading_deg": 4.2}}, {"type": "Feature", "geometry": {"type": "Polygon", "coordinates": [[[-118.4850162, 34.2153649], [-118.4848623, 34.2152633], [-118.484958, 34.2151632], [-118.485112, 34.2152648], [-118.4850162, 34.2153649]]]}, "properties": {"tile_id": "103001010C12B000_031311102120_r010_c010", "class": "plane", "score": 0.71, "long_side_px": 59.4, "heading_deg": 39.3}}, {"type": "Feature", "geometry": {"type": "Polygon", "coordinates": [[[-118.4844041, 34.2133439], [-118.4842906, 34.2133278], [-118.4842993, 34.2132855], [-118.4844128, 34.2133016], [-118.4844041, 34.2133439]]]}, "properties": {"tile_id": "103001010C12B000_031311102120_r010_c010", "class": "ship", "score": 0.535, "long_side_px": 34.8, "heading_deg": 10.5}}, {"type": "Feature", "geometry": {"type": "Polygon", "coordinates": [[[-118.4839164, 34.2150355], [-118.4838299, 34.2150313], [-118.4838323, 34.2149979], [-118.4839187, 34.215002], [-118.4839164, 34.2150355]]]}, "properties": {"tile_id": "103001010C12B000_031311102120_r010_c011", "class": "small-vehicle", "score": 0.655, "long_side_px": 26.1, "heading_deg": 4.2}}, {"type": "Feature", "geometry": {"type": "Polygon", "coordinates": [[[-118.4787252, 34.2133975], [-118.4786451, 34.2134035], [-118.4786419, 34.2133743], [-118.478722, 34.2133683], [-118.4787252, 34.2133975]]]}, "properties": {"tile_id": "103001010C12B000_031311102120_r010_c012", "class": "small-vehicle", "score": 0.551, "long_side_px": 24.3, "heading_deg": 175.7}}, {"type": "Feature", "geometry": {"type": "Polygon", "coordinates": [[[-118.4768275, 34.214436], [-118.4767602, 34.214434], [-118.4767614, 34.2144068], [-118.4768286, 34.2144087], [-118.4768275, 34.214436]]]}, "properties": {"tile_id": "103001010C12B000_031311102120_r010_c013", "class": "small-vehicle", "score": 0.574, "long_side_px": 20.3, "heading_deg": 2.9}}, {"type": "Feature", "geometry": {"type": "Polygon", "coordinates": [[[-118.4762635, 34.214266], [-118.4761908, 34.2142676], [-118.4761899, 34.2142395], [-118.4762626, 34.2142379], [-118.4762635, 34.214266]]]}, "properties": {"tile_id": "103001010C12B000_031311102120_r010_c013", "class": "small-vehicle", "score": 0.557, "long_side_px": 22.0, "heading_deg": 179.3}}, {"type": "Feature", "geometry": {"type": "Polygon", "coordinates": [[[-118.476831, 34.2143144], [-118.4767642, 34.2143166], [-118.4767628, 34.2142875], [-118.4768296, 34.2142853], [-118.476831, 34.2143144]]]}, "properties": {"tile_id": "103001010C12B000_031311102120_r010_c013", "class": "small-vehicle", "score": 0.547, "long_side_px": 20.2, "heading_deg": 178.5}}, {"type": "Feature", "geometry": {"type": "Polygon", "coordinates": [[[-118.4727717, 34.2154361], [-118.4726629, 34.2154386], [-118.4726615, 34.2153971], [-118.4727703, 34.2153945], [-118.4727717, 34.2154361]]]}, "properties": {"tile_id": "103001010C12B000_031311102120_r010_c014", "class": "ship", "score": 0.852, "long_side_px": 32.9, "heading_deg": 179.2}}, {"type": "Feature", "geometry": {"type": "Polygon", "coordinates": [[[-118.4727686, 34.2154739], [-118.4726749, 34.2154847], [-118.4726694, 34.2154522], [-118.4727632, 34.2154414], [-118.4727686, 34.2154739]]]}, "properties": {"tile_id": "103001010C12B000_031311102120_r010_c014", "class": "ship", "score": 0.553, "long_side_px": 28.6, "heading_deg": 172.9}}, {"type": "Feature", "geometry": {"type": "Polygon", "coordinates": [[[-118.4702425, 34.2140125], [-118.4701671, 34.2140147], [-118.4701657, 34.2139814], [-118.4702412, 34.2139792], [-118.4702425, 34.2140125]]]}, "properties": {"tile_id": "103001010C12B000_031311102120_r010_c015", "class": "small-vehicle", "score": 0.578, "long_side_px": 22.8, "heading_deg": 178.8}}, {"type": "Feature", "geometry": {"type": "Polygon", "coordinates": [[[-118.4660862, 34.214671], [-118.4660447, 34.2146697], [-118.4660478, 34.2145957], [-118.4660894, 34.214597], [-118.4660862, 34.214671]]]}, "properties": {"tile_id": "103001010C12B000_031311102120_r010_c016", "class": "small-vehicle", "score": 0.617, "long_side_px": 26.9, "heading_deg": 92.9}}, {"type": "Feature", "geometry": {"type": "Polygon", "coordinates": [[[-118.4647731, 34.2141443], [-118.4646955, 34.2141503], [-118.4646919, 34.2141182], [-118.4647695, 34.2141122], [-118.4647731, 34.2141443]]]}, "properties": {"tile_id": "103001010C12B000_031311102120_r010_c016", "class": "small-vehicle", "score": 0.58, "long_side_px": 23.5, "heading_deg": 175.5}}, {"type": "Feature", "geometry": {"type": "Polygon", "coordinates": [[[-118.5043247, 34.2115037], [-118.5042553, 34.2115125], [-118.5042497, 34.211482], [-118.5043191, 34.2114732], [-118.5043247, 34.2115037]]]}, "properties": {"tile_id": "103001010C12B000_031311102120_r011_c005", "class": "small-vehicle", "score": 0.653, "long_side_px": 21.2, "heading_deg": 172.2}}, {"type": "Feature", "geometry": {"type": "Polygon", "coordinates": [[[-118.5040895, 34.2123038], [-118.5040514, 34.2123014], [-118.5040564, 34.2122453], [-118.5040945, 34.2122476], [-118.5040895, 34.2123038]]]}, "properties": {"tile_id": "103001010C12B000_031311102120_r011_c005", "class": "small-vehicle", "score": 0.56, "long_side_px": 20.5, "heading_deg": 95.1}}, {"type": "Feature", "geometry": {"type": "Polygon", "coordinates": [[[-118.5025591, 34.2096886], [-118.5024945, 34.2097018], [-118.5024861, 34.2096734], [-118.5025507, 34.2096602], [-118.5025591, 34.2096886]]]}, "properties": {"tile_id": "103001010C12B000_031311102120_r011_c005", "class": "small-vehicle", "score": 0.56, "long_side_px": 20.1, "heading_deg": 167.1}}, {"type": "Feature", "geometry": {"type": "Polygon", "coordinates": [[[-118.4987302, 34.2114752], [-118.4986056, 34.2114726], [-118.4986069, 34.2114293], [-118.4987316, 34.2114319], [-118.4987302, 34.2114752]]]}, "properties": {"tile_id": "103001010C12B000_031311102120_r011_c006", "class": "ship", "score": 0.633, "long_side_px": 37.7, "heading_deg": 2.3}}, {"type": "Feature", "geometry": {"type": "Polygon", "coordinates": [[[-118.4995175, 34.2110777], [-118.4994136, 34.2110772], [-118.4994138, 34.2110368], [-118.4995177, 34.2110373], [-118.4995175, 34.2110777]]]}, "properties": {"tile_id": "103001010C12B000_031311102120_r011_c006", "class": "ship", "score": 0.591, "long_side_px": 31.4, "heading_deg": 1.1}}, {"type": "Feature", "geometry": {"type": "Polygon", "coordinates": [[[-118.5010477, 34.2111928], [-118.5010072, 34.2111961], [-118.5010005, 34.2111381], [-118.5010409, 34.2111348], [-118.5010477, 34.2111928]]]}, "properties": {"tile_id": "103001010C12B000_031311102120_r011_c006", "class": "small-vehicle", "score": 0.568, "long_side_px": 21.2, "heading_deg": 85.3}}, {"type": "Feature", "geometry": {"type": "Polygon", "coordinates": [[[-118.4995181, 34.2110763], [-118.4994127, 34.2110754], [-118.4994132, 34.2110368], [-118.4995186, 34.2110377], [-118.4995181, 34.2110763]]]}, "properties": {"tile_id": "103001010C12B000_031311102120_r011_c006", "class": "small-vehicle", "score": 0.529, "long_side_px": 31.8, "heading_deg": 1.5}}, {"type": "Feature", "geometry": {"type": "Polygon", "coordinates": [[[-118.4975427, 34.2120742], [-118.4974625, 34.2120789], [-118.4974598, 34.2120469], [-118.4975399, 34.2120422], [-118.4975427, 34.2120742]]]}, "properties": {"tile_id": "103001010C12B000_031311102120_r011_c007", "class": "small-vehicle", "score": 0.655, "long_side_px": 24.2, "heading_deg": 176.8}}, {"type": "Feature", "geometry": {"type": "Polygon", "coordinates": [[[-118.497208, 34.2097747], [-118.4971359, 34.2097795], [-118.4971328, 34.2097486], [-118.497205, 34.2097437], [-118.497208, 34.2097747]]]}, "properties": {"tile_id": "103001010C12B000_031311102120_r011_c007", "class": "small-vehicle", "score": 0.553, "long_side_px": 21.8, "heading_deg": 176.2}}, {"type": "Feature", "geometry": {"type": "Polygon", "coordinates": [[[-118.4957692, 34.211465], [-118.4957346, 34.2114652], [-118.4957341, 34.2114076], [-118.4957687, 34.2114074], [-118.4957692, 34.211465]]]}, "properties": {"tile_id": "103001010C12B000_031311102120_r011_c007", "class": "small-vehicle", "score": 0.541, "long_side_px": 20.9, "heading_deg": 90.4}}, {"type": "Feature", "geometry": {"type": "Polygon", "coordinates": [[[-118.4975468, 34.2123072], [-118.4974642, 34.2123136], [-118.4974609, 34.2122842], [-118.4975435, 34.2122779], [-118.4975468, 34.2123072]]]}, "properties": {"tile_id": "103001010C12B000_031311102120_r011_c007", "class": "small-vehicle", "score": 0.537, "long_side_px": 25.1, "heading_deg": 175.5}}, {"type": "Feature", "geometry": {"type": "Polygon", "coordinates": [[[-118.4975411, 34.2123385], [-118.4974555, 34.2123455], [-118.4974518, 34.2123146], [-118.4975374, 34.2123076], [-118.4975411, 34.2123385]]]}, "properties": {"tile_id": "103001010C12B000_031311102120_r011_c007", "class": "small-vehicle", "score": 0.527, "long_side_px": 26.0, "heading_deg": 175.2}}, {"type": "Feature", "geometry": {"type": "Polygon", "coordinates": [[[-118.4919716, 34.2101547], [-118.4918641, 34.2101665], [-118.4918463, 34.2100554], [-118.4919539, 34.2100436], [-118.4919716, 34.2101547]]]}, "properties": {"tile_id": "103001010C12B000_031311102120_r011_c008", "class": "plane", "score": 0.893, "long_side_px": 40.7, "heading_deg": 83.3}}, {"type": "Feature", "geometry": {"type": "Polygon", "coordinates": [[[-118.4919868, 34.210413], [-118.4918883, 34.2104189], [-118.4918801, 34.2103249], [-118.4919786, 34.210319], [-118.4919868, 34.210413]]]}, "properties": {"tile_id": "103001010C12B000_031311102120_r011_c008", "class": "plane", "score": 0.886, "long_side_px": 34.2, "heading_deg": 86.7}}, {"type": "Feature", "geometry": {"type": "Polygon", "coordinates": [[[-118.4919953, 34.210516], [-118.4918893, 34.2105236], [-118.4918784, 34.2104171], [-118.4919844, 34.2104096], [-118.4919953, 34.210516]]]}, "properties": {"tile_id": "103001010C12B000_031311102120_r011_c008", "class": "plane", "score": 0.881, "long_side_px": 38.8, "heading_deg": 86.0}}, {"type": "Feature", "geometry": {"type": "Polygon", "coordinates": [[[-118.491941, 34.2099678], [-118.4918343, 34.2099787], [-118.4918173, 34.2098633], [-118.4919239, 34.2098524], [-118.491941, 34.2099678]]]}, "properties": {"tile_id": "103001010C12B000_031311102120_r011_c008", "class": "plane", "score": 0.866, "long_side_px": 42.2, "heading_deg": 83.8}}, {"type": "Feature", "geometry": {"type": "Polygon", "coordinates": [[[-118.4920017, 34.2106104], [-118.4919012, 34.21062], [-118.491889, 34.2105317], [-118.4919895, 34.2105221], [-118.4920017, 34.2106104]]]}, "properties": {"tile_id": "103001010C12B000_031311102120_r011_c008", "class": "plane", "score": 0.852, "long_side_px": 32.3, "heading_deg": 84.3}}, {"type": "Feature", "geometry": {"type": "Polygon", "coordinates": [[[-118.4909666, 34.2102088], [-118.4908598, 34.2102136], [-118.4908524, 34.2100971], [-118.4909591, 34.2100924], [-118.4909666, 34.2102088]]]}, "properties": {"tile_id": "103001010C12B000_031311102120_r011_c008", "class": "plane", "score": 0.843, "long_side_px": 42.4, "heading_deg": 87.8}}, {"type": "Feature", "geometry": {"type": "Polygon", "coordinates": [[[-118.4920214, 34.2107977], [-118.4919167, 34.2108035], [-118.4919087, 34.2107045], [-118.4920134, 34.2106987], [-118.4920214, 34.2107977]]]}, "properties": {"tile_id": "103001010C12B000_031311102120_r011_c008", "class": "plane", "score": 0.83, "long_side_px": 36.1, "heading_deg": 87.0}}, {"type": "Feature", "geometry": {"type": "Polygon", "coordinates": [[[-118.4920857, 34.2114149], [-118.4919874, 34.2114368], [-118.4919524, 34.2113285], [-118.4920508, 34.2113065], [-118.4920857, 34.2114149]]]}, "properties": {"tile_id": "103001010C12B000_031311102120_r011_c008", "class": "plane", "score": 0.792, "long_side_px": 40.8, "heading_deg": 75.8}}, {"type": "Feature", "geometry": {"type": "Polygon", "coordinates": [[[-118.4920319, 34.2110918], [-118.491937, 34.2110905], [-118.4919385, 34.2110057], [-118.4920334, 34.2110069], [-118.4920319, 34.2110918]]]}, "properties": {"tile_id": "103001010C12B000_031311102120_r011_c008", "class": "plane", "score": 0.745, "long_side_px": 30.8, "heading_deg": 91.7}}, {"type": "Feature", "geometry": {"type": "Polygon", "coordinates": [[[-118.4920559, 34.2111995], [-118.4919543, 34.2112039], [-118.4919479, 34.2110998], [-118.4920495, 34.2110954], [-118.4920559, 34.2111995]]]}, "properties": {"tile_id": "103001010C12B000_031311102120_r011_c008", "class": "plane", "score": 0.72, "long_side_px": 37.9, "heading_deg": 87.9}}, {"type": "Feature", "geometry": {"type": "Polygon", "coordinates": [[[-118.4920431, 34.2109996], [-118.4919373, 34.2110045], [-118.4919306, 34.2109038], [-118.4920363, 34.2108989], [-118.4920431, 34.2109996]]]}, "properties": {"tile_id": "103001010C12B000_031311102120_r011_c008", "class": "plane", "score": 0.551, "long_side_px": 36.7, "heading_deg": 87.7}}, {"type": "Feature", "geometry": {"type": "Polygon", "coordinates": [[[-118.4925936, 34.2123179], [-118.4925176, 34.2123234], [-118.4925142, 34.212291], [-118.4925902, 34.2122854], [-118.4925936, 34.2123179]]]}, "properties": {"tile_id": "103001010C12B000_031311102120_r011_c008", "class": "small-vehicle", "score": 0.537, "long_side_px": 23.0, "heading_deg": 175.8}}, {"type": "Feature", "geometry": {"type": "Polygon", "coordinates": [[[-118.4925876, 34.211861], [-118.4925146, 34.2118674], [-118.4925108, 34.2118374], [-118.4925838, 34.211831], [-118.4925876, 34.211861]]]}, "properties": {"tile_id": "103001010C12B000_031311102120_r011_c008", "class": "small-vehicle", "score": 0.533, "long_side_px": 22.2, "heading_deg": 174.9}}, {"type": "Feature", "geometry": {"type": "Polygon", "coordinates": [[[-118.4923382, 34.2097232], [-118.4922765, 34.2097514], [-118.4922579, 34.2097235], [-118.4923197, 34.2096952], [-118.4923382, 34.2097232]]]}, "properties": {"tile_id": "103001010C12B000_031311102120_r011_c008", "class": "small-vehicle", "score": 0.527, "long_side_px": 21.3, "heading_deg": 152.0}}, {"type": "Feature", "geometry": {"type": "Polygon", "coordinates": [[[-118.4925913, 34.211808], [-118.4925222, 34.2118145], [-118.4925185, 34.2117871], [-118.4925876, 34.2117806], [-118.4925913, 34.211808]]]}, "properties": {"tile_id": "103001010C12B000_031311102120_r011_c008", "class": "small-vehicle", "score": 0.525, "long_side_px": 21.0, "heading_deg": 174.4}}, {"type": "Feature", "geometry": {"type": "Polygon", "coordinates": [[[-118.4877703, 34.2106557], [-118.4875491, 34.2107129], [-118.4874789, 34.2105253], [-118.4877001, 34.2104682], [-118.4877703, 34.2106557]]]}, "properties": {"tile_id": "103001010C12B000_031311102120_r011_c009", "class": "plane", "score": 0.936, "long_side_px": 71.4, "heading_deg": 73.6}}, {"type": "Feature", "geometry": {"type": "Polygon", "coordinates": [[[-118.4881265, 34.211329], [-118.4875582, 34.2114041], [-118.4874991, 34.2110955], [-118.4880674, 34.2110204], [-118.4881265, 34.211329]]]}, "properties": {"tile_id": "103001010C12B000_031311102120_r011_c009", "class": "plane", "score": 0.848, "long_side_px": 173.8, "heading_deg": 171.8}}, {"type": "Feature", "geometry": {"type": "Polygon", "coordinates": [[[-118.4880472, 34.2112058], [-118.487789, 34.2110528], [-118.4879303, 34.2108883], [-118.4881884, 34.2110413], [-118.4880472, 34.2112058]]]}, "properties": {"tile_id": "103001010C12B000_031311102120_r011_c009", "class": "plane", "score": 0.648, "long_side_px": 95.8, "heading_deg": 36.3}}, {"type": "Feature", "geometry": {"type": "Polygon", "coordinates": [[[-118.4875096, 34.2114169], [-118.4872002, 34.2114277], [-118.4871847, 34.2111221], [-118.4874941, 34.2111112], [-118.4875096, 34.2114169]]]}, "properties": {"tile_id": "103001010C12B000_031311102120_r011_c010", "class": "plane", "score": 0.95, "long_side_px": 111.2, "heading_deg": 88.4}}, {"type": "Feature", "geometry": {"type": "Polygon", "coordinates": [[[-118.4868865, 34.2114336], [-118.4865566, 34.211433], [-118.4865575, 34.2111164], [-118.4868874, 34.211117], [-118.4868865, 34.2114336]]]}, "properties": {"tile_id": "103001010C12B000_031311102120_r011_c010", "class": "plane", "score": 0.943, "long_side_px": 115.1, "heading_deg": 91.0}}, {"type": "Feature", "geometry": {"type": "Polygon", "coordinates": [[[-118.4845983, 34.2107452], [-118.4843772, 34.2107487], [-118.4843728, 34.2105615], [-118.4845939, 34.2105579], [-118.4845983, 34.2107452]]]}, "properties": {"tile_id": "103001010C12B000_031311102120_r011_c010", "class": "plane", "score": 0.938, "long_side_px": 68.1, "heading_deg": 89.7}}, {"type": "Feature", "geometry": {"type": "Polygon", "coordinates": [[[-118.4868581, 34.2107088], [-118.4865589, 34.2108088], [-118.4864315, 34.2105455], [-118.4867307, 34.2104456], [-118.4868581, 34.2107088]]]}, "properties": {"tile_id": "103001010C12B000_031311102120_r011_c010", "class": "plane", "score": 0.938, "long_side_px": 103.1, "heading_deg": 68.9}}, {"type": "Feature", "geometry": {"type": "Polygon", "coordinates": [[[-118.4874954, 34.2107792], [-118.4871965, 34.2107736], [-118.4872039, 34.2104994], [-118.4875027, 34.2105049], [-118.4874954, 34.2107792]]]}, "properties": {"tile_id": "103001010C12B000_031311102120_r011_c010", "class": "plane", "score": 0.924, "long_side_px": 99.7, "heading_deg": 92.1}}, {"type": "Feature", "geometry": {"type": "Polygon", "coordinates": [[[-118.4847519, 34.2107889], [-118.4845263, 34.2107843], [-118.484532, 34.2105965], [-118.4847575, 34.2106012], [-118.4847519, 34.2107889]]]}, "properties": {"tile_id": "103001010C12B000_031311102120_r011_c010", "class": "plane", "score": 0.895, "long_side_px": 68.2, "heading_deg": 92.3}}, {"type": "Feature", "geometry": {"type": "Polygon", "coordinates": [[[-118.4867647, 34.2110312], [-118.4865358, 34.2110734], [-118.4864816, 34.2108704], [-118.4867105, 34.2108282], [-118.4867647, 34.2110312]]]}, "properties": {"tile_id": "103001010C12B000_031311102120_r011_c010", "class": "plane", "score": 0.89, "long_side_px": 75.6, "heading_deg": 78.3}}, {"type": "Feature", "geometry": {"type": "Polygon", "coordinates": [[[-118.4843734, 34.2107867], [-118.4841929, 34.2107926], [-118.4841858, 34.2106405], [-118.4843662, 34.2106346], [-118.4843734, 34.2107867]]]}, "properties": {"tile_id": "103001010C12B000_031311102120_r011_c010", "class": "plane", "score": 0.853, "long_side_px": 55.3, "heading_deg": 88.6}}, {"type": "Feature", "geometry": {"type": "Polygon", "coordinates": [[[-118.4844904, 34.2098549], [-118.4841515, 34.2098843], [-118.4841326, 34.2097333], [-118.4844715, 34.2097039], [-118.4844904, 34.2098549]]]}, "properties": {"tile_id": "103001010C12B000_031311102120_r011_c010", "class": "plane", "score": 0.831, "long_side_px": 102.9, "heading_deg": 174.9}}, {"type": "Feature", "geometry": {"type": "Polygon", "coordinates": [[[-118.4847788, 34.2097946], [-118.4844583, 34.2098273], [-118.4844425, 34.2097203], [-118.484763, 34.2096876], [-118.4847788, 34.2097946]]]}, "properties": {"tile_id": "103001010C12B000_031311102120_r011_c010", "class": "plane", "score": 0.756, "long_side_px": 97.5, "heading_deg": 173.8}}, {"type": "Feature", "geometry": {"type": "Polygon", "coordinates": [[[-118.4873142, 34.2097748], [-118.4869313, 34.209816], [-118.486913, 34.2096987], [-118.4872959, 34.2096575], [-118.4873142, 34.2097748]]]}, "properties": {"tile_id": "103001010C12B000_031311102120_r011_c010", "class": "plane", "score": 0.709, "long_side_px": 116.6, "heading_deg": 173.4}}, {"type": "Feature", "geometry": {"type": "Polygon", "coordinates": [[[-118.4841326, 34.2108444], [-118.4840682, 34.2108423], [-118.4840793, 34.2106118], [-118.4841437, 34.2106139], [-118.4841326, 34.2108444]]]}, "properties": {"tile_id": "103001010C12B000_031311102120_r011_c010", "class": "plane", "score": 0.602, "long_side_px": 83.8, "heading_deg": 93.1}}, {"type": "Feature", "geometry": {"type": "Polygon", "coordinates": [[[-118.4847471, 34.2113747], [-118.4846289, 34.2113731], [-118.4846296, 34.211336], [-118.4847478, 34.2113376], [-118.4847471, 34.2113747]]]}, "properties": {"tile_id": "103001010C12B000_031311102120_r011_c010", "class": "large-vehicle", "score": 0.589, "long_side_px": 35.7, "heading_deg": 1.8}}, {"type": "Feature", "geometry": {"type": "Polygon", "coordinates": [[[-118.4841069, 34.2108061], [-118.4839187, 34.2108099], [-118.4839129, 34.2106084], [-118.4841011, 34.2106046], [-118.4841069, 34.2108061]]]}, "properties": {"tile_id": "103001010C12B000_031311102120_r011_c011", "class": "plane", "score": 0.909, "long_side_px": 73.2, "heading_deg": 89.5}}, {"type": "Feature", "geometry": {"type": "Polygon", "coordinates": [[[-118.4839684, 34.2111319], [-118.4839356, 34.2111148], [-118.4839731, 34.2110651], [-118.4840059, 34.2110822], [-118.4839684, 34.2111319]]]}, "properties": {"tile_id": "103001010C12B000_031311102120_r011_c011", "class": "small-vehicle", "score": 0.529, "long_side_px": 21.3, "heading_deg": 122.9}}, {"type": "Feature", "geometry": {"type": "Polygon", "coordinates": [[[-118.4837188, 34.2111403], [-118.4836788, 34.2111384], [-118.4836833, 34.2110742], [-118.4837232, 34.2110761], [-118.4837188, 34.2111403]]]}, "properties": {"tile_id": "103001010C12B000_031311102120_r011_c011", "class": "small-vehicle", "score": 0.525, "long_side_px": 23.3, "heading_deg": 94.1}}, {"type": "Feature", "geometry": {"type": "Polygon", "coordinates": [[[-118.4738621, 34.2125907], [-118.473795, 34.212596], [-118.4737916, 34.2125664], [-118.4738588, 34.2125611], [-118.4738621, 34.2125907]]]}, "properties": {"tile_id": "103001010C12B000_031311102120_r011_c014", "class": "small-vehicle", "score": 0.549, "long_side_px": 20.4, "heading_deg": 175.4}}, {"type": "Feature", "geometry": {"type": "Polygon", "coordinates": [[[-118.4696284, 34.2124985], [-118.4695904, 34.2124954], [-118.4695972, 34.2124378], [-118.4696352, 34.2124409], [-118.4696284, 34.2124985]]]}, "properties": {"tile_id": "103001010C12B000_031311102120_r011_c015", "class": "small-vehicle", "score": 0.541, "long_side_px": 21.0, "heading_deg": 96.4}}, {"type": "Feature", "geometry": {"type": "Polygon", "coordinates": [[[-118.4702036, 34.2112236], [-118.4701304, 34.211229], [-118.4701269, 34.2111958], [-118.4702001, 34.2111905], [-118.4702036, 34.2112236]]]}, "properties": {"tile_id": "103001010C12B000_031311102120_r011_c015", "class": "ship", "score": 0.527, "long_side_px": 22.2, "heading_deg": 175.8}}, {"type": "Feature", "geometry": {"type": "Polygon", "coordinates": [[[-118.4642745, 34.2118791], [-118.46422, 34.2119175], [-118.4641951, 34.2118931], [-118.4642496, 34.2118547], [-118.4642745, 34.2118791]]]}, "properties": {"tile_id": "103001010C12B000_031311102120_r011_c016", "class": "small-vehicle", "score": 0.545, "long_side_px": 21.6, "heading_deg": 140.5}}, {"type": "Feature", "geometry": {"type": "Polygon", "coordinates": [[[-118.5202212, 34.2084649], [-118.5201348, 34.2084686], [-118.5201328, 34.2084352], [-118.5202191, 34.2084316], [-118.5202212, 34.2084649]]]}, "properties": {"tile_id": "103001010C12B000_031311102120_r012_c000", "class": "small-vehicle", "score": 0.583, "long_side_px": 26.1, "heading_deg": 177.9}}, {"type": "Feature", "geometry": {"type": "Polygon", "coordinates": [[[-118.5099877, 34.2069993], [-118.5099392, 34.2070478], [-118.5099077, 34.207026], [-118.5099562, 34.2069776], [-118.5099877, 34.2069993]]]}, "properties": {"tile_id": "103001010C12B000_031311102120_r012_c003", "class": "small-vehicle", "score": 0.596, "long_side_px": 22.9, "heading_deg": 130.6}}, {"type": "Feature", "geometry": {"type": "Polygon", "coordinates": [[[-118.5106536, 34.2084801], [-118.5105769, 34.2084893], [-118.5105715, 34.2084583], [-118.5106482, 34.2084491], [-118.5106536, 34.2084801]]]}, "properties": {"tile_id": "103001010C12B000_031311102120_r012_c003", "class": "small-vehicle", "score": 0.583, "long_side_px": 23.4, "heading_deg": 172.6}}, {"type": "Feature", "geometry": {"type": "Polygon", "coordinates": [[[-118.5105917, 34.2086288], [-118.5105576, 34.2086229], [-118.5105718, 34.2085663], [-118.5106059, 34.2085722], [-118.5105917, 34.2086288]]]}, "properties": {"tile_id": "103001010C12B000_031311102120_r012_c003", "class": "small-vehicle", "score": 0.58, "long_side_px": 21.0, "heading_deg": 102.6}}, {"type": "Feature", "geometry": {"type": "Polygon", "coordinates": [[[-118.5082985, 34.2078931], [-118.5082348, 34.2079245], [-118.5082168, 34.2078992], [-118.5082805, 34.2078679], [-118.5082985, 34.2078931]]]}, "properties": {"tile_id": "103001010C12B000_031311102120_r012_c003", "class": "small-vehicle", "score": 0.568, "long_side_px": 22.4, "heading_deg": 150.2}}, {"type": "Feature", "geometry": {"type": "Polygon", "coordinates": [[[-118.5086884, 34.2077914], [-118.5086208, 34.2078223], [-118.5086016, 34.2077933], [-118.5086692, 34.2077624], [-118.5086884, 34.2077914]]]}, "properties": {"tile_id": "103001010C12B000_031311102120_r012_c003", "class": "small-vehicle", "score": 0.551, "long_side_px": 23.3, "heading_deg": 152.0}}, {"type": "Feature", "geometry": {"type": "Polygon", "coordinates": [[[-118.5073945, 34.2083532], [-118.5073266, 34.2083588], [-118.5073232, 34.2083309], [-118.5073912, 34.2083252], [-118.5073945, 34.2083532]]]}, "properties": {"tile_id": "103001010C12B000_031311102120_r012_c004", "class": "small-vehicle", "score": 0.547, "long_side_px": 20.6, "heading_deg": 175.1}}, {"type": "Feature", "geometry": {"type": "Polygon", "coordinates": [[[-118.5016778, 34.2083806], [-118.5016044, 34.2083798], [-118.5016049, 34.208346], [-118.5016783, 34.2083469], [-118.5016778, 34.2083806]]]}, "properties": {"tile_id": "103001010C12B000_031311102120_r012_c005", "class": "small-vehicle", "score": 0.706, "long_side_px": 22.2, "heading_deg": 1.6}}, {"type": "Feature", "geometry": {"type": "Polygon", "coordinates": [[[-118.5011067, 34.207852], [-118.5010667, 34.2078519], [-118.501067, 34.2077916], [-118.501107, 34.2077917], [-118.5011067, 34.207852]]]}, "properties": {"tile_id": "103001010C12B000_031311102120_r012_c005", "class": "small-vehicle", "score": 0.672, "long_side_px": 21.9, "heading_deg": 91.0}}, {"type": "Feature", "geometry": {"type": "Polygon", "coordinates": [[[-118.5012236, 34.2084634], [-118.5011623, 34.2084947], [-118.5011419, 34.2084671], [-118.5012031, 34.2084358], [-118.5012236, 34.2084634]]]}, "properties": {"tile_id": "103001010C12B000_031311102120_r012_c005", "class": "small-vehicle", "score": 0.67, "long_side_px": 21.7, "heading_deg": 149.2}}, {"type": "Feature", "geometry": {"type": "Polygon", "coordinates": [[[-118.5012089, 34.2087755], [-118.5011739, 34.2087773], [-118.50117, 34.2087259], [-118.501205, 34.208724], [-118.5012089, 34.2087755]]]}, "properties": {"tile_id": "103001010C12B000_031311102120_r012_c005", "class": "small-vehicle", "score": 0.621, "long_side_px": 18.8, "heading_deg": 87.2}}, {"type": "Feature", "geometry": {"type": "Polygon", "coordinates": [[[-118.5023913, 34.2089331], [-118.5023591, 34.2089183], [-118.5023975, 34.2088607], [-118.5024297, 34.2088755], [-118.5023913, 34.2089331]]]}, "properties": {"tile_id": "103001010C12B000_031311102120_r012_c005", "class": "small-vehicle", "score": 0.615, "long_side_px": 23.9, "heading_deg": 119.8}}, {"type": "Feature", "geometry": {"type": "Polygon", "coordinates": [[[-118.5010979, 34.2070193], [-118.5010591, 34.2070206], [-118.5010563, 34.2069624], [-118.5010951, 34.2069611], [-118.5010979, 34.2070193]]]}, "properties": {"tile_id": "103001010C12B000_031311102120_r012_c005", "class": "small-vehicle", "score": 0.615, "long_side_px": 21.2, "heading_deg": 88.6}}, {"type": "Feature", "geometry": {"type": "Polygon", "coordinates": [[[-118.501199, 34.2086964], [-118.5011604, 34.2086936], [-118.5011669, 34.2086317], [-118.5012055, 34.2086346], [-118.501199, 34.2086964]]]}, "properties": {"tile_id": "103001010C12B000_031311102120_r012_c005", "class": "small-vehicle", "score": 0.607, "long_side_px": 22.6, "heading_deg": 95.9}}, {"type": "Feature", "geometry": {"type": "Polygon", "coordinates": [[[-118.5010545, 34.2070646], [-118.5010144, 34.2070657], [-118.5010118, 34.2070035], [-118.5010519, 34.2070024], [-118.5010545, 34.2070646]]]}, "properties": {"tile_id": "103001010C12B000_031311102120_r012_c005", "class": "small-vehicle", "score": 0.604, "long_side_px": 22.6, "heading_deg": 88.9}}, {"type": "Feature", "geometry": {"type": "Polygon", "coordinates": [[[-118.501603, 34.208442], [-118.5015275, 34.2084334], [-118.5015327, 34.208402], [-118.5016082, 34.2084106], [-118.501603, 34.208442]]]}, "properties": {"tile_id": "103001010C12B000_031311102120_r012_c005", "class": "small-vehicle", "score": 0.604, "long_side_px": 23.0, "heading_deg": 8.6}}, {"type": "Feature", "geometry": {"type": "Polygon", "coordinates": [[[-118.5011082, 34.2082602], [-118.5010692, 34.2082613], [-118.5010667, 34.2081979], [-118.5011057, 34.2081969], [-118.5011082, 34.2082602]]]}, "properties": {"tile_id": "103001010C12B000_031311102120_r012_c005", "class": "small-vehicle", "score": 0.58, "long_side_px": 23.0, "heading_deg": 89.0}}, {"type": "Feature", "geometry": {"type": "Polygon", "coordinates": [[[-118.5012106, 34.2077194], [-118.5011716, 34.2077227], [-118.5011638, 34.2076603], [-118.5012028, 34.207657], [-118.5012106, 34.2077194]]]}, "properties": {"tile_id": "103001010C12B000_031311102120_r012_c005", "class": "small-vehicle", "score": 0.553, "long_side_px": 22.8, "heading_deg": 85.0}}, {"type": "Feature", "geometry": {"type": "Polygon", "coordinates": [[[-118.5033488, 34.2084502], [-118.5032876, 34.20843], [-118.5032998, 34.2084045], [-118.503361, 34.2084247], [-118.5033488, 34.2084502]]]}, "properties": {"tile_id": "103001010C12B000_031311102120_r012_c005", "class": "small-vehicle", "score": 0.549, "long_side_px": 19.9, "heading_deg": 22.5}}, {"type": "Feature", "geometry": {"type": "Polygon", "coordinates": [[[-118.5036295, 34.2075188], [-118.5035516, 34.2075169], [-118.5035527, 34.2074856], [-118.5036306, 34.2074874], [-118.5036295, 34.2075188]]]}, "properties": {"tile_id": "103001010C12B000_031311102120_r012_c005", "class": "small-vehicle", "score": 0.549, "long_side_px": 23.5, "heading_deg": 2.5}}, {"type": "Feature", "geometry": {"type": "Polygon", "coordinates": [[[-118.5011813, 34.2094658], [-118.5011416, 34.2094693], [-118.5011323, 34.2093951], [-118.501172, 34.2093917], [-118.5011813, 34.2094658]]]}, "properties": {"tile_id": "103001010C12B000_031311102120_r012_c005", "class": "small-vehicle", "score": 0.537, "long_side_px": 27.1, "heading_deg": 84.9}}, {"type": "Feature", "geometry": {"type": "Polygon", "coordinates": [[[-118.501079, 34.208969], [-118.5010314, 34.208972], [-118.5010248, 34.208899], [-118.5010725, 34.208896], [-118.501079, 34.208969]]]}, "properties": {"tile_id": "103001010C12B000_031311102120_r012_c005", "class": "small-vehicle", "score": 0.533, "long_side_px": 26.6, "heading_deg": 86.6}}, {"type": "Feature", "geometry": {"type": "Polygon", "coordinates": [[[-118.5021768, 34.207346], [-118.5020798, 34.2073262], [-118.5020922, 34.207284], [-118.5021892, 34.2073038], [-118.5021768, 34.207346]]]}, "properties": {"tile_id": "103001010C12B000_031311102120_r012_c005", "class": "ship", "score": 0.525, "long_side_px": 30.2, "heading_deg": 14.6}}, {"type": "Feature", "geometry": {"type": "Polygon", "coordinates": [[[-118.5001412, 34.2078292], [-118.5000567, 34.207835], [-118.5000532, 34.2078001], [-118.5001377, 34.2077942], [-118.5001412, 34.2078292]]]}, "properties": {"tile_id": "103001010C12B000_031311102120_r012_c006", "class": "small-vehicle", "score": 0.709, "long_side_px": 25.6, "heading_deg": 176.1}}, {"type": "Feature", "geometry": {"type": "Polygon", "coordinates": [[[-118.4999731, 34.2070934], [-118.4999342, 34.2070904], [-118.4999411, 34.2070285], [-118.4999801, 34.2070315], [-118.4999731, 34.2070934]]]}, "properties": {"tile_id": "103001010C12B000_031311102120_r012_c006", "class": "small-vehicle", "score": 0.568, "long_side_px": 22.6, "heading_deg": 96.2}}, {"type": "Feature", "geometry": {"type": "Polygon", "coordinates": [[[-118.4970227, 34.2093134], [-118.4969382, 34.2093121], [-118.496939, 34.2092774], [-118.4970234, 34.2092787], [-118.4970227, 34.2093134]]]}, "properties": {"tile_id": "103001010C12B000_031311102120_r012_c007", "class": "small-vehicle", "score": 0.72, "long_side_px": 25.5, "heading_deg": 1.9}}, {"type": "Feature", "geometry": {"type": "Polygon", "coordinates": [[[-118.4970245, 34.2091912], [-118.496941, 34.2091897], [-118.4969419, 34.2091533], [-118.4970254, 34.2091548], [-118.4970245, 34.2091912]]]}, "properties": {"tile_id": "103001010C12B000_031311102120_r012_c007", "class": "small-vehicle", "score": 0.679, "long_side_px": 25.2, "heading_deg": 2.0}}, {"type": "Feature", "geometry": {"type": "Polygon", "coordinates": [[[-118.4963121, 34.2090619], [-118.4962286, 34.2090603], [-118.4962295, 34.2090261], [-118.4963131, 34.2090277], [-118.4963121, 34.2090619]]]}, "properties": {"tile_id": "103001010C12B000_031311102120_r012_c007", "class": "small-vehicle", "score": 0.674, "long_side_px": 25.2, "heading_deg": 2.2}}, {"type": "Feature", "geometry": {"type": "Polygon", "coordinates": [[[-118.4967882, 34.2094271], [-118.496705, 34.2094323], [-118.4967023, 34.2094015], [-118.4967855, 34.2093963], [-118.4967882, 34.2094271]]]}, "properties": {"tile_id": "103001010C12B000_031311102120_r012_c007", "class": "small-vehicle", "score": 0.623, "long_side_px": 25.2, "heading_deg": 176.6}}, {"type": "Feature", "geometry": {"type": "Polygon", "coordinates": [[[-118.4967908, 34.2093988], [-118.4967039, 34.2094024], [-118.496702, 34.2093708], [-118.4967889, 34.2093672], [-118.4967908, 34.2093988]]]}, "properties": {"tile_id": "103001010C12B000_031311102120_r012_c007", "class": "small-vehicle", "score": 0.566, "long_side_px": 26.3, "heading_deg": 178.0}}, {"type": "Feature", "geometry": {"type": "Polygon", "coordinates": [[[-118.4971999, 34.2092298], [-118.4971294, 34.2092343], [-118.4971267, 34.2092049], [-118.4971971, 34.2092004], [-118.4971999, 34.2092298]]]}, "properties": {"tile_id": "103001010C12B000_031311102120_r012_c007", "class": "small-vehicle", "score": 0.529, "long_side_px": 21.3, "heading_deg": 176.4}}, {"type": "Feature", "geometry": {"type": "Polygon", "coordinates": [[[-118.4963106, 34.2089886], [-118.496232, 34.2089888], [-118.4962319, 34.2089563], [-118.4963105, 34.2089561], [-118.4963106, 34.2089886]]]}, "properties": {"tile_id": "103001010C12B000_031311102120_r012_c007", "class": "small-vehicle", "score": 0.525, "long_side_px": 23.7, "heading_deg": 0.7}}, {"type": "Feature", "geometry": {"type": "Polygon", "coordinates": [[[-118.4921482, 34.2091618], [-118.4918481, 34.2089821], [-118.4920272, 34.2087757], [-118.4923273, 34.2089553], [-118.4921482, 34.2091618]]]}, "properties": {"tile_id": "103001010C12B000_031311102120_r012_c008", "class": "plane", "score": 0.929, "long_side_px": 111.7, "heading_deg": 36.6}}, {"type": "Feature", "geometry": {"type": "Polygon", "coordinates": [[[-118.4934199, 34.2076992], [-118.4930727, 34.2077304], [-118.4930346, 34.2074373], [-118.4933818, 34.2074061], [-118.4934199, 34.2076992]]]}, "properties": {"tile_id": "103001010C12B000_031311102120_r012_c008", "class": "plane", "score": 0.926, "long_side_px": 107.1, "heading_deg": 84.7}}, {"type": "Feature", "geometry": {"type": "Polygon", "coordinates": [[[-118.4922561, 34.2073892], [-118.4918985, 34.2073919], [-118.4918958, 34.2071534], [-118.4922535, 34.2071507], [-118.4922561, 34.2073892]]]}, "properties": {"tile_id": "103001010C12B000_031311102120_r012_c008", "class": "plane", "score": 0.921, "long_side_px": 108.0, "heading_deg": 0.3}}, {"type": "Feature", "geometry": {"type": "Polygon", "coordinates": [[[-118.4927748, 34.2083729], [-118.492517, 34.2083656], [-118.4925276, 34.2081082], [-118.4927853, 34.2081155], [-118.4927748, 34.2083729]]]}, "properties": {"tile_id": "103001010C12B000_031311102120_r012_c008", "class": "plane", "score": 0.92, "long_side_px": 93.6, "heading_deg": 92.8}}, {"type": "Feature", "geometry": {"type": "Polygon", "coordinates": [[[-118.4917991, 34.2074549], [-118.4916634, 34.2075352], [-118.4915569, 34.2074111], [-118.4916926, 34.2073307], [-118.4917991, 34.2074549]]]}, "properties": {"tile_id": "103001010C12B000_031311102120_r012_c008", "class": "plane", "score": 0.908, "long_side_px": 55.4, "heading_deg": 55.4}}, {"type": "Feature", "geometry": {"type": "Polygon", "coordinates": [[[-118.4919833, 34.2090805], [-118.4917728, 34.2090868], [-118.4917662, 34.2089351], [-118.4919767, 34.2089288], [-118.4919833, 34.2090805]]]}, "properties": {"tile_id": "103001010C12B000_031311102120_r012_c008", "class": "plane", "score": 0.903, "long_side_px": 63.6, "heading_deg": 178.8}}, {"type": "Feature", "geometry": {"type": "Polygon", "coordinates": [[[-118.491853, 34.208057], [-118.4916371, 34.2080347], [-118.491664, 34.2078555], [-118.4918799, 34.2078778], [-118.491853, 34.208057]]]}, "properties": {"tile_id": "103001010C12B000_031311102120_r012_c008", "class": "plane", "score": 0.9, "long_side_px": 65.7, "heading_deg": 7.9}}, {"type": "Feature", "geometry": {"type": "Polygon", "coordinates": [[[-118.4922497, 34.2087704], [-118.4921147, 34.2088635], [-118.4919876, 34.2087364], [-118.4921227, 34.2086432], [-118.4922497, 34.2087704]]]}, "properties": {"tile_id": "103001010C12B000_031311102120_r012_c008", "class": "plane", "score": 0.889, "long_side_px": 60.1, "heading_deg": 51.1}}, {"type": "Feature", "geometry": {"type": "Polygon", "coordinates": [[[-118.4932549, 34.2075522], [-118.4930135, 34.2075538], [-118.4930115, 34.2073389], [-118.4932528, 34.2073373], [-118.4932549, 34.2075522]]]}, "properties": {"tile_id": "103001010C12B000_031311102120_r012_c008", "class": "plane", "score": 0.875, "long_side_px": 78.1, "heading_deg": 90.4}}, {"type": "Feature", "geometry": {"type": "Polygon", "coordinates": [[[-118.4919228, 34.2091646], [-118.4918029, 34.2092343], [-118.4917326, 34.2091508], [-118.4918525, 34.2090811], [-118.4919228, 34.2091646]]]}, "properties": {"tile_id": "103001010C12B000_031311102120_r012_c008", "class": "plane", "score": 0.869, "long_side_px": 44.2, "heading_deg": 145.9}}, {"type": "Feature", "geometry": {"type": "Polygon", "coordinates": [[[-118.492074, 34.2074058], [-118.4919342, 34.2075112], [-118.4918143, 34.2074014], [-118.4919542, 34.2072961], [-118.492074, 34.2074058]]]}, "properties": {"tile_id": "103001010C12B000_031311102120_r012_c008", "class": "plane", "score": 0.851, "long_side_px": 57.0, "heading_deg": 138.6}}, {"type": "Feature", "geometry": {"type": "Polygon", "coordinates": [[[-118.4918955, 34.2094558], [-118.4917924, 34.2094649], [-118.4917786, 34.209357], [-118.4918817, 34.2093479], [-118.4918955, 34.2094558]]]}, "properties": {"tile_id": "103001010C12B000_031311102120_r012_c008", "class": "plane", "score": 0.841, "long_side_px": 39.4, "heading_deg": 84.8}}, {"type": "Feature", "geometry": {"type": "Polygon", "coordinates": [[[-118.4931371, 34.2078168], [-118.4930165, 34.2077417], [-118.4931094, 34.2076387], [-118.4932301, 34.2077139], [-118.4931371, 34.2078168]]]}, "properties": {"tile_id": "103001010C12B000_031311102120_r012_c008", "class": "plane", "score": 0.829, "long_side_px": 46.8, "heading_deg": 127.7}}, {"type": "Feature", "geometry": {"type": "Polygon", "coordinates": [[[-118.4919137, 34.209613], [-118.4917855, 34.2096222], [-118.4917721, 34.2094943], [-118.4919004, 34.2094851], [-118.4919137, 34.209613]]]}, "properties": {"tile_id": "103001010C12B000_031311102120_r012_c008", "class": "plane", "score": 0.814, "long_side_px": 46.7, "heading_deg": 85.9}}, {"type": "Feature", "geometry": {"type": "Polygon", "coordinates": [[[-118.4929749, 34.2082874], [-118.4928298, 34.2083736], [-118.4927159, 34.2082413], [-118.4928609, 34.2081551], [-118.4929749, 34.2082874]]]}, "properties": {"tile_id": "103001010C12B000_031311102120_r012_c008", "class": "plane", "score": 0.67, "long_side_px": 59.1, "heading_deg": 55.3}}, {"type": "Feature", "geometry": {"type": "Polygon", "coordinates": [[[-118.4869601, 34.2096963], [-118.4866418, 34.2096453], [-118.4867105, 34.2093491], [-118.4870288, 34.2094001], [-118.4869601, 34.2096963]]]}, "properties": {"tile_id": "103001010C12B000_031311102120_r012_c010", "class": "plane", "score": 0.945, "long_side_px": 109.6, "heading_deg": 101.8}}, {"type": "Feature", "geometry": {"type": "Polygon", "coordinates": [[[-118.4869137, 34.209457], [-118.486597, 34.2094675], [-118.4865848, 34.2092135], [-118.4869014, 34.209203], [-118.4869137, 34.209457]]]}, "properties": {"tile_id": "103001010C12B000_031311102120_r012_c010", "class": "plane", "score": 0.939, "long_side_px": 95.7, "heading_deg": 178.5}}, {"type": "Feature", "geometry": {"type": "Polygon", "coordinates": [[[-118.4844041, 34.2096359], [-118.4841359, 34.2096354], [-118.4841364, 34.2094077], [-118.4844047, 34.2094082], [-118.4844041, 34.2096359]]]}, "properties": {"tile_id": "103001010C12B000_031311102120_r012_c010", "class": "plane", "score": 0.938, "long_side_px": 82.8, "heading_deg": 91.0}}, {"type": "Feature", "geometry": {"type": "Polygon", "coordinates": [[[-118.4847081, 34.2094384], [-118.4844312, 34.2094379], [-118.4844317, 34.209214], [-118.4847087, 34.2092145], [-118.4847081, 34.2094384]]]}, "properties": {"tile_id": "103001010C12B000_031311102120_r012_c010", "class": "plane", "score": 0.929, "long_side_px": 83.6, "heading_deg": 1.0}}, {"type": "Feature", "geometry": {"type": "Polygon", "coordinates": [[[-118.4847296, 34.2097403], [-118.4843981, 34.2097326], [-118.4844047, 34.2095367], [-118.4847362, 34.2095443], [-118.4847296, 34.2097403]]]}, "properties": {"tile_id": "103001010C12B000_031311102120_r012_c010", "class": "plane", "score": 0.919, "long_side_px": 100.1, "heading_deg": 2.4}}, {"type": "Feature", "geometry": {"type": "Polygon", "coordinates": [[[-118.4872736, 34.2097074], [-118.4869628, 34.2096997], [-118.4869697, 34.2095063], [-118.4872805, 34.209514], [-118.4872736, 34.2097074]]]}, "properties": {"tile_id": "103001010C12B000_031311102120_r012_c010", "class": "plane", "score": 0.886, "long_side_px": 93.9, "heading_deg": 2.5}}, {"type": "Feature", "geometry": {"type": "Polygon", "coordinates": [[[-118.4844233, 34.2097586], [-118.4841296, 34.2097273], [-118.4841463, 34.209619], [-118.48444, 34.2096503], [-118.4844233, 34.2097586]]]}, "properties": {"tile_id": "103001010C12B000_031311102120_r012_c010", "class": "plane", "score": 0.796, "long_side_px": 89.4, "heading_deg": 8.1}}, {"type": "Feature", "geometry": {"type": "Polygon", "coordinates": [[[-118.4868318, 34.2089592], [-118.4867415, 34.2089633], [-118.486739, 34.2089247], [-118.4868293, 34.2089207], [-118.4868318, 34.2089592]]]}, "properties": {"tile_id": "103001010C12B000_031311102120_r012_c010", "class": "small-vehicle", "score": 0.545, "long_side_px": 27.3, "heading_deg": 177.8}}, {"type": "Feature", "geometry": {"type": "Polygon", "coordinates": [[[-118.4784563, 34.2078831], [-118.4783945, 34.2078606], [-118.4784096, 34.207832], [-118.4784714, 34.2078545], [-118.4784563, 34.2078831]]]}, "properties": {"tile_id": "103001010C12B000_031311102120_r012_c012", "class": "small-vehicle", "score": 0.576, "long_side_px": 20.4, "heading_deg": 24.5}}, {"type": "Feature", "geometry": {"type": "Polygon", "coordinates": [[[-118.4805689, 34.2095531], [-118.4805319, 34.2095547], [-118.4805284, 34.2094976], [-118.4805655, 34.209496], [-118.4805689, 34.2095531]]]}, "properties": {"tile_id": "103001010C12B000_031311102120_r012_c012", "class": "small-vehicle", "score": 0.543, "long_side_px": 20.8, "heading_deg": 88.0}}, {"type": "Feature", "geometry": {"type": "Polygon", "coordinates": [[[-118.478585, 34.2077293], [-118.4785206, 34.2077517], [-118.4785082, 34.2077271], [-118.4785727, 34.2077047], [-118.478585, 34.2077293]]]}, "properties": {"tile_id": "103001010C12B000_031311102120_r012_c012", "class": "small-vehicle", "score": 0.525, "long_side_px": 21.1, "heading_deg": 158.1}}, {"type": "Feature", "geometry": {"type": "Polygon", "coordinates": [[[-118.4806152, 34.209607], [-118.4805769, 34.2095982], [-118.4805986, 34.2095331], [-118.4806369, 34.2095419], [-118.4806152, 34.209607]]]}, "properties": {"tile_id": "103001010C12B000_031311102120_r012_c012", "class": "small-vehicle", "score": 0.525, "long_side_px": 24.6, "heading_deg": 106.3}}, {"type": "Feature", "geometry": {"type": "Polygon", "coordinates": [[[-118.4746532, 34.2090197], [-118.4745798, 34.2090227], [-118.4745781, 34.2089944], [-118.4746515, 34.2089914], [-118.4746532, 34.2090197]]]}, "properties": {"tile_id": "103001010C12B000_031311102120_r012_c013", "class": "small-vehicle", "score": 0.633, "long_side_px": 22.2, "heading_deg": 178.0}}, {"type": "Feature", "geometry": {"type": "Polygon", "coordinates": [[[-118.4746484, 34.2090473], [-118.4745757, 34.2090506], [-118.4745739, 34.2090233], [-118.4746466, 34.20902], [-118.4746484, 34.2090473]]]}, "properties": {"tile_id": "103001010C12B000_031311102120_r012_c013", "class": "small-vehicle", "score": 0.625, "long_side_px": 22.0, "heading_deg": 177.7}}, {"type": "Feature", "geometry": {"type": "Polygon", "coordinates": [[[-118.4746476, 34.2089863], [-118.4745777, 34.2089891], [-118.4745759, 34.2089577], [-118.4746458, 34.2089549], [-118.4746476, 34.2089863]]]}, "properties": {"tile_id": "103001010C12B000_031311102120_r012_c013", "class": "small-vehicle", "score": 0.609, "long_side_px": 21.1, "heading_deg": 178.1}}, {"type": "Feature", "geometry": {"type": "Polygon", "coordinates": [[[-118.4770759, 34.2070903], [-118.4770364, 34.2070928], [-118.4770311, 34.2070344], [-118.4770705, 34.2070319], [-118.4770759, 34.2070903]]]}, "properties": {"tile_id": "103001010C12B000_031311102120_r012_c013", "class": "small-vehicle", "score": 0.602, "long_side_px": 21.3, "heading_deg": 86.5}}, {"type": "Feature", "geometry": {"type": "Polygon", "coordinates": [[[-118.4770072, 34.2095047], [-118.4769311, 34.2095077], [-118.4769292, 34.2094755], [-118.4770054, 34.2094725], [-118.4770072, 34.2095047]]]}, "properties": {"tile_id": "103001010C12B000_031311102120_r012_c013", "class": "small-vehicle", "score": 0.56, "long_side_px": 23.0, "heading_deg": 178.1}}, {"type": "Feature", "geometry": {"type": "Polygon", "coordinates": [[[-118.4746471, 34.2090778], [-118.4745692, 34.2090827], [-118.4745663, 34.2090507], [-118.4746442, 34.2090458], [-118.4746471, 34.2090778]]]}, "properties": {"tile_id": "103001010C12B000_031311102120_r012_c013", "class": "small-vehicle", "score": 0.545, "long_side_px": 23.6, "heading_deg": 176.5}}, {"type": "Feature", "geometry": {"type": "Polygon", "coordinates": [[[-118.4745508, 34.2084825], [-118.4744745, 34.2084851], [-118.4744729, 34.2084526], [-118.4745492, 34.20845], [-118.4745508, 34.2084825]]]}, "properties": {"tile_id": "103001010C12B000_031311102120_r012_c013", "class": "small-vehicle", "score": 0.527, "long_side_px": 23.1, "heading_deg": 178.5}}, {"type": "Feature", "geometry": {"type": "Polygon", "coordinates": [[[-118.4725039, 34.2084813], [-118.4724212, 34.2084796], [-118.4724223, 34.2084452], [-118.472505, 34.2084469], [-118.4725039, 34.2084813]]]}, "properties": {"tile_id": "103001010C12B000_031311102120_r012_c014", "class": "small-vehicle", "score": 0.604, "long_side_px": 25.0, "heading_deg": 2.3}}, {"type": "Feature", "geometry": {"type": "Polygon", "coordinates": [[[-118.471505, 34.208299], [-118.471442, 34.2083052], [-118.4714376, 34.2082743], [-118.4715006, 34.2082682], [-118.471505, 34.208299]]]}, "properties": {"tile_id": "103001010C12B000_031311102120_r012_c014", "class": "small-vehicle", "score": 0.568, "long_side_px": 19.2, "heading_deg": 174.1}}, {"type": "Feature", "geometry": {"type": "Polygon", "coordinates": [[[-118.4678322, 34.2086827], [-118.4677558, 34.2086861], [-118.4677537, 34.208653], [-118.46783, 34.2086496], [-118.4678322, 34.2086827]]]}, "properties": {"tile_id": "103001010C12B000_031311102120_r012_c015", "class": "small-vehicle", "score": 0.549, "long_side_px": 23.1, "heading_deg": 177.7}}, {"type": "Feature", "geometry": {"type": "Polygon", "coordinates": [[[-118.4658906, 34.2084653], [-118.4658137, 34.2084703], [-118.4658106, 34.2084381], [-118.4658876, 34.208433], [-118.4658906, 34.2084653]]]}, "properties": {"tile_id": "103001010C12B000_031311102120_r012_c016", "class": "small-vehicle", "score": 0.566, "long_side_px": 23.3, "heading_deg": 176.3}}, {"type": "Feature", "geometry": {"type": "Polygon", "coordinates": [[[-118.4663572, 34.2072554], [-118.4663054, 34.2072721], [-118.4662928, 34.2072452], [-118.4663446, 34.2072285], [-118.4663572, 34.2072554]]]}, "properties": {"tile_id": "103001010C12B000_031311102120_r012_c016", "class": "small-vehicle", "score": 0.525, "long_side_px": 16.8, "heading_deg": 159.6}}, {"type": "Feature", "geometry": {"type": "Polygon", "coordinates": [[[-118.5098459, 34.2039275], [-118.5098045, 34.2039277], [-118.5098041, 34.2038568], [-118.5098455, 34.2038566], [-118.5098459, 34.2039275]]]}, "properties": {"tile_id": "103001010C12B000_031311102120_r013_c003", "class": "small-vehicle", "score": 0.679, "long_side_px": 25.8, "heading_deg": 90.5}}, {"type": "Feature", "geometry": {"type": "Polygon", "coordinates": [[[-118.5099561, 34.2050619], [-118.5099208, 34.2050601], [-118.509925, 34.2050036], [-118.5099604, 34.2050054], [-118.5099561, 34.2050619]]]}, "properties": {"tile_id": "103001010C12B000_031311102120_r013_c003", "class": "small-vehicle", "score": 0.623, "long_side_px": 20.6, "heading_deg": 94.4}}, {"type": "Feature", "geometry": {"type": "Polygon", "coordinates": [[[-118.5099565, 34.204876], [-118.509917, 34.2048763], [-118.5099163, 34.2048154], [-118.5099559, 34.2048151], [-118.5099565, 34.204876]]]}, "properties": {"tile_id": "103001010C12B000_031311102120_r013_c003", "class": "small-vehicle", "score": 0.587, "long_side_px": 22.1, "heading_deg": 90.3}}, {"type": "Feature", "geometry": {"type": "Polygon", "coordinates": [[[-118.5090535, 34.2053096], [-118.5089947, 34.2052735], [-118.509018, 34.2052473], [-118.5090768, 34.2052835], [-118.5090535, 34.2053096]]]}, "properties": {"tile_id": "103001010C12B000_031311102120_r013_c003", "class": "small-vehicle", "score": 0.537, "long_side_px": 22.1, "heading_deg": 37.4}}, {"type": "Feature", "geometry": {"type": "Polygon", "coordinates": [[[-118.5076866, 34.2063269], [-118.5076483, 34.2063247], [-118.5076532, 34.2062663], [-118.5076916, 34.2062686], [-118.5076866, 34.2063269]]]}, "properties": {"tile_id": "103001010C12B000_031311102120_r013_c004", "class": "small-vehicle", "score": 0.568, "long_side_px": 21.2, "heading_deg": 94.9}}, {"type": "Feature", "geometry": {"type": "Polygon", "coordinates": [[[-118.5010957, 34.2055706], [-118.5010517, 34.2055729], [-118.5010467, 34.2055066], [-118.5010907, 34.2055043], [-118.5010957, 34.2055706]]]}, "properties": {"tile_id": "103001010C12B000_031311102120_r013_c005", "class": "small-vehicle", "score": 0.737, "long_side_px": 24.1, "heading_deg": 87.2}}, {"type": "Feature", "geometry": {"type": "Polygon", "coordinates": [[[-118.5010942, 34.2060415], [-118.5010512, 34.2060397], [-118.5010549, 34.2059761], [-118.501098, 34.2059778], [-118.5010942, 34.2060415]]]}, "properties": {"tile_id": "103001010C12B000_031311102120_r013_c005", "class": "small-vehicle", "score": 0.715, "long_side_px": 23.2, "heading_deg": 93.7}}, {"type": "Feature", "geometry": {"type": "Polygon", "coordinates": [[[-118.5035196, 34.2048474], [-118.5034441, 34.2048509], [-118.5034419, 34.2048181], [-118.5035174, 34.2048147], [-118.5035196, 34.2048474]]]}, "properties": {"tile_id": "103001010C12B000_031311102120_r013_c005", "class": "ship", "score": 0.644, "long_side_px": 22.8, "heading_deg": 177.7}}, {"type": "Feature", "geometry": {"type": "Polygon", "coordinates": [[[-118.5010587, 34.2062057], [-118.5010132, 34.2062071], [-118.5010102, 34.2061389], [-118.5010557, 34.2061375], [-118.5010587, 34.2062057]]]}, "properties": {"tile_id": "103001010C12B000_031311102120_r013_c005", "class": "small-vehicle", "score": 0.58, "long_side_px": 24.8, "heading_deg": 88.7}}, {"type": "Feature", "geometry": {"type": "Polygon", "coordinates": [[[-118.501089, 34.2058805], [-118.5010524, 34.2058824], [-118.501048, 34.2058242], [-118.5010846, 34.2058223], [-118.501089, 34.2058805]]]}, "properties": {"tile_id": "103001010C12B000_031311102120_r013_c005", "class": "small-vehicle", "score": 0.58, "long_side_px": 21.2, "heading_deg": 87.3}}, {"type": "Feature", "geometry": {"type": "Polygon", "coordinates": [[[-118.5011895, 34.2058968], [-118.5011506, 34.2058927], [-118.5011599, 34.2058314], [-118.5011988, 34.2058355], [-118.5011895, 34.2058968]]]}, "properties": {"tile_id": "103001010C12B000_031311102120_r013_c005", "class": "small-vehicle", "score": 0.576, "long_side_px": 22.5, "heading_deg": 98.1}}, {"type": "Feature", "geometry": {"type": "Polygon", "coordinates": [[[-118.5010559, 34.2052104], [-118.5010204, 34.2052055], [-118.5010308, 34.2051533], [-118.5010664, 34.2051582], [-118.5010559, 34.2052104]]]}, "properties": {"tile_id": "103001010C12B000_031311102120_r013_c005", "class": "small-vehicle", "score": 0.568, "long_side_px": 19.2, "heading_deg": 100.3}}, {"type": "Feature", "geometry": {"type": "Polygon", "coordinates": [[[-118.5013889, 34.2061893], [-118.5013496, 34.2061858], [-118.5013583, 34.2061175], [-118.5013976, 34.2061209], [-118.5013889, 34.2061893]]]}, "properties": {"tile_id": "103001010C12B000_031311102120_r013_c005", "class": "small-vehicle", "score": 0.529, "long_side_px": 25.0, "heading_deg": 96.9}}, {"type": "Feature", "geometry": {"type": "Polygon", "coordinates": [[[-118.4990236, 34.2042218], [-118.4989737, 34.2042659], [-118.4989456, 34.2042439], [-118.4989954, 34.2041999], [-118.4990236, 34.2042218]]]}, "properties": {"tile_id": "103001010C12B000_031311102120_r013_c006", "class": "small-vehicle", "score": 0.591, "long_side_px": 22.0, "heading_deg": 134.1}}, {"type": "Feature", "geometry": {"type": "Polygon", "coordinates": [[[-118.4980258, 34.2065635], [-118.497982, 34.206561], [-118.4979876, 34.2064916], [-118.4980315, 34.2064941], [-118.4980258, 34.2065635]]]}, "properties": {"tile_id": "103001010C12B000_031311102120_r013_c006", "class": "small-vehicle", "score": 0.531, "long_side_px": 25.3, "heading_deg": 94.7}}, {"type": "Feature", "geometry": {"type": "Polygon", "coordinates": [[[-118.4954219, 34.2048523], [-118.495348, 34.2048576], [-118.4953449, 34.2048269], [-118.4954188, 34.2048216], [-118.4954219, 34.2048523]]]}, "properties": {"tile_id": "103001010C12B000_031311102120_r013_c007", "class": "small-vehicle", "score": 0.525, "long_side_px": 22.4, "heading_deg": 176.0}}, {"type": "Feature", "geometry": {"type": "Polygon", "coordinates": [[[-118.4938173, 34.2063258], [-118.4934952, 34.2064865], [-118.493341, 34.2062731], [-118.4936632, 34.2061125], [-118.4938173, 34.2063258]]]}, "properties": {"tile_id": "103001010C12B000_031311102120_r013_c008", "class": "plane", "score": 0.934, "long_side_px": 113.4, "heading_deg": 149.9}}, {"type": "Feature", "geometry": {"type": "Polygon", "coordinates": [[[-118.4930372, 34.2064583], [-118.4927256, 34.2063461], [-118.4928599, 34.2060886], [-118.4931715, 34.2062008], [-118.4930372, 34.2064583]]]}, "properties": {"tile_id": "103001010C12B000_031311102120_r013_c008", "class": "plane", "score": 0.931, "long_side_px": 102.6, "heading_deg": 24.3}}, {"type": "Feature", "geometry": {"type": "Polygon", "coordinates": [[[-118.4936689, 34.2062366], [-118.4934203, 34.2061135], [-118.4935473, 34.2059365], [-118.4937959, 34.2060596], [-118.4936689, 34.2062366]]]}, "properties": {"tile_id": "103001010C12B000_031311102120_r013_c008", "class": "plane", "score": 0.924, "long_side_px": 87.4, "heading_deg": 31.6}}, {"type": "Feature", "geometry": {"type": "Polygon", "coordinates": [[[-118.4938344, 34.2054633], [-118.4935214, 34.2056244], [-118.4933724, 34.2054247], [-118.4936855, 34.2052636], [-118.4938344, 34.2054633]]]}, "properties": {"tile_id": "103001010C12B000_031311102120_r013_c008", "class": "plane", "score": 0.92, "long_side_px": 111.2, "heading_deg": 149.1}}, {"type": "Feature", "geometry": {"type": "Polygon", "coordinates": [[[-118.491418, 34.2047639], [-118.4912606, 34.2046538], [-118.4913797, 34.2045363], [-118.4915371, 34.2046463], [-118.491418, 34.2047639]]]}, "properties": {"tile_id": "103001010C12B000_031311102120_r013_c008", "class": "plane", "score": 0.918, "long_side_px": 62.1, "heading_deg": 40.9}}, {"type": "Feature", "geometry": {"type": "Polygon", "coordinates": [[[-118.4915409, 34.2043529], [-118.4913331, 34.2043528], [-118.4913332, 34.2042088], [-118.491541, 34.2042089], [-118.4915409, 34.2043529]]]}, "properties": {"tile_id": "103001010C12B000_031311102120_r013_c008", "class": "plane", "score": 0.916, "long_side_px": 62.8, "heading_deg": 0.9}}, {"type": "Feature", "geometry": {"type": "Polygon", "coordinates": [[[-118.4918595, 34.2063009], [-118.4916044, 34.2064705], [-118.4913861, 34.2062438], [-118.4916412, 34.2060743], [-118.4918595, 34.2063009]]]}, "properties": {"tile_id": "103001010C12B000_031311102120_r013_c008", "class": "plane", "score": 0.913, "long_side_px": 105.5, "heading_deg": 52.2}}, {"type": "Feature", "geometry": {"type": "Polygon", "coordinates": [[[-118.4936421, 34.2066023], [-118.4933532, 34.2065949], [-118.4933609, 34.2063896], [-118.4936497, 34.2063971], [-118.4936421, 34.2066023]]]}, "properties": {"tile_id": "103001010C12B000_031311102120_r013_c008", "class": "plane", "score": 0.907, "long_side_px": 87.2, "heading_deg": 2.6}}, {"type": "Feature", "geometry": {"type": "Polygon", "coordinates": [[[-118.4917501, 34.2043436], [-118.4915897, 34.2043536], [-118.4915777, 34.2042209], [-118.4917381, 34.2042109], [-118.4917501, 34.2043436]]]}, "properties": {"tile_id": "103001010C12B000_031311102120_r013_c008", "class": "plane", "score": 0.905, "long_side_px": 48.6, "heading_deg": 176.6}}, {"type": "Feature", "geometry": {"type": "Polygon", "coordinates": [[[-118.4929379, 34.2046674], [-118.492752, 34.2045458], [-118.4928895, 34.2044005], [-118.4930755, 34.2045221], [-118.4929379, 34.2046674]]]}, "properties": {"tile_id": "103001010C12B000_031311102120_r013_c008", "class": "plane", "score": 0.898, "long_side_px": 71.4, "heading_deg": 39.0}}, {"type": "Feature", "geometry": {"type": "Polygon", "coordinates": [[[-118.4935763, 34.2053979], [-118.4933863, 34.2052556], [-118.4935109, 34.2051407], [-118.493701, 34.205283], [-118.4935763, 34.2053979]]]}, "properties": {"tile_id": "103001010C12B000_031311102120_r013_c008", "class": "plane", "score": 0.884, "long_side_px": 77.2, "heading_deg": 42.9}}, {"type": "Feature", "geometry": {"type": "Polygon", "coordinates": [[[-118.4929563, 34.2048084], [-118.4927779, 34.2047052], [-118.4929142, 34.2045425], [-118.4930926, 34.2046456], [-118.4929563, 34.2048084]]]}, "properties": {"tile_id": "103001010C12B000_031311102120_r013_c008", "class": "plane", "score": 0.88, "long_side_px": 72.1, "heading_deg": 125.7}}, {"type": "Feature", "geometry": {"type": "Polygon", "coordinates": [[[-118.4915997, 34.2050907], [-118.491461, 34.205088], [-118.4914635, 34.2049988], [-118.4916023, 34.2050015], [-118.4915997, 34.2050907]]]}, "properties": {"tile_id": "103001010C12B000_031311102120_r013_c008", "class": "plane", "score": 0.863, "long_side_px": 41.9, "heading_deg": 2.2}}, {"type": "Feature", "geometry": {"type": "Polygon", "coordinates": [[[-118.4926981, 34.2063614], [-118.492463, 34.2062857], [-118.4925483, 34.2061026], [-118.4927834, 34.2061782], [-118.4926981, 34.2063614]]]}, "properties": {"tile_id": "103001010C12B000_031311102120_r013_c008", "class": "plane", "score": 0.859, "long_side_px": 76.1, "heading_deg": 22.0}}, {"type": "Feature", "geometry": {"type": "Polygon", "coordinates": [[[-118.4926219, 34.2046608], [-118.4924235, 34.2046363], [-118.4924471, 34.2045044], [-118.4926455, 34.2045289], [-118.4926219, 34.2046608]]]}, "properties": {"tile_id": "103001010C12B000_031311102120_r013_c008", "class": "plane", "score": 0.848, "long_side_px": 60.6, "heading_deg": 9.3}}, {"type": "Feature", "geometry": {"type": "Polygon", "coordinates": [[[-118.4937522, 34.2066946], [-118.4935324, 34.2068527], [-118.4933469, 34.2066745], [-118.4935666, 34.2065165], [-118.4937522, 34.2066946]]]}, "properties": {"tile_id": "103001010C12B000_031311102120_r013_c008", "class": "plane", "score": 0.841, "long_side_px": 87.8, "heading_deg": 140.0}}, {"type": "Feature", "geometry": {"type": "Polygon", "coordinates": [[[-118.4927619, 34.2046492], [-118.4926264, 34.2046427], [-118.4926325, 34.2045561], [-118.4927679, 34.2045626], [-118.4927619, 34.2046492]]]}, "properties": {"tile_id": "103001010C12B000_031311102120_r013_c008", "class": "plane", "score": 0.725, "long_side_px": 41.0, "heading_deg": 4.2}}, {"type": "Feature", "geometry": {"type": "Polygon", "coordinates": [[[-118.4917565, 34.2050754], [-118.4916201, 34.2050843], [-118.491611, 34.2049884], [-118.4917474, 34.2049794], [-118.4917565, 34.2050754]]]}, "properties": {"tile_id": "103001010C12B000_031311102120_r013_c008", "class": "plane", "score": 0.602, "long_side_px": 41.3, "heading_deg": 176.3}}, {"type": "Feature", "geometry": {"type": "Polygon", "coordinates": [[[-118.4880436, 34.2058855], [-118.4877993, 34.206086], [-118.487604, 34.2059218], [-118.4878484, 34.2057213], [-118.4880436, 34.2058855]]]}, "properties": {"tile_id": "103001010C12B000_031311102120_r013_c009", "class": "plane", "score": 0.933, "long_side_px": 103.7, "heading_deg": 136.2}}, {"type": "Feature", "geometry": {"type": "Polygon", "coordinates": [[[-118.4875853, 34.2050224], [-118.4873774, 34.20492], [-118.4874998, 34.2047484], [-118.4877078, 34.2048508], [-118.4875853, 34.2050224]]]}, "properties": {"tile_id": "103001010C12B000_031311102120_r013_c009", "class": "plane", "score": 0.91, "long_side_px": 73.0, "heading_deg": 31.5}}, {"type": "Feature", "geometry": {"type": "Polygon", "coordinates": [[[-118.4877331, 34.205478], [-118.4875345, 34.205483], [-118.4875296, 34.2053474], [-118.4877282, 34.2053424], [-118.4877331, 34.205478]]]}, "properties": {"tile_id": "103001010C12B000_031311102120_r013_c009", "class": "plane", "score": 0.906, "long_side_px": 60.0, "heading_deg": 179.1}}, {"type": "Feature", "geometry": {"type": "Polygon", "coordinates": [[[-118.4875275, 34.2047276], [-118.4873582, 34.2047358], [-118.4873432, 34.204523], [-118.4875125, 34.2045147], [-118.4875275, 34.2047276]]]}, "properties": {"tile_id": "103001010C12B000_031311102120_r013_c009", "class": "plane", "score": 0.843, "long_side_px": 77.5, "heading_deg": 87.5}}, {"type": "Feature", "geometry": {"type": "Polygon", "coordinates": [[[-118.4874112, 34.206005], [-118.4872065, 34.2060092], [-118.4872004, 34.2058067], [-118.4874052, 34.2058024], [-118.4874112, 34.206005]]]}, "properties": {"tile_id": "103001010C12B000_031311102120_r013_c010", "class": "plane", "score": 0.918, "long_side_px": 73.6, "heading_deg": 89.4}}, {"type": "Feature", "geometry": {"type": "Polygon", "coordinates": [[[-118.4870365, 34.2055164], [-118.4867956, 34.2055267], [-118.4867844, 34.2053457], [-118.4870252, 34.2053354], [-118.4870365, 34.2055164]]]}, "properties": {"tile_id": "103001010C12B000_031311102120_r013_c010", "class": "plane", "score": 0.907, "long_side_px": 72.8, "heading_deg": 177.9}}, {"type": "Feature", "geometry": {"type": "Polygon", "coordinates": [[[-118.4870501, 34.2042696], [-118.4867898, 34.2042745], [-118.4867848, 34.2040909], [-118.4870451, 34.204086], [-118.4870501, 34.2042696]]]}, "properties": {"tile_id": "103001010C12B000_031311102120_r013_c010", "class": "plane", "score": 0.879, "long_side_px": 78.6, "heading_deg": 179.5}}, {"type": "Feature", "geometry": {"type": "Polygon", "coordinates": [[[-118.4869314, 34.2058885], [-118.4868023, 34.2059061], [-118.4867842, 34.2058143], [-118.4869133, 34.2057967], [-118.4869314, 34.2058885]]]}, "properties": {"tile_id": "103001010C12B000_031311102120_r013_c010", "class": "plane", "score": 0.829, "long_side_px": 39.5, "heading_deg": 171.5}}, {"type": "Feature", "geometry": {"type": "Polygon", "coordinates": [[[-118.4860331, 34.2053827], [-118.485991, 34.2053809], [-118.4859947, 34.2053196], [-118.4860368, 34.2053214], [-118.4860331, 34.2053827]]]}, "properties": {"tile_id": "103001010C12B000_031311102120_r013_c010", "class": "small-vehicle", "score": 0.648, "long_side_px": 22.3, "heading_deg": 93.7}}, {"type": "Feature", "geometry": {"type": "Polygon", "coordinates": [[[-118.4874328, 34.2047452], [-118.4873464, 34.2047646], [-118.4872946, 34.2046062], [-118.487381, 34.2045867], [-118.4874328, 34.2047452]]]}, "properties": {"tile_id": "103001010C12B000_031311102120_r013_c010", "class": "plane", "score": 0.58, "long_side_px": 59.7, "heading_deg": 75.6}}, {"type": "Feature", "geometry": {"type": "Polygon", "coordinates": [[[-118.4844674, 34.2058489], [-118.4843211, 34.2058487], [-118.4843212, 34.2058048], [-118.4844675, 34.2058051], [-118.4844674, 34.2058489]]]}, "properties": {"tile_id": "103001010C12B000_031311102120_r013_c010", "class": "ship", "score": 0.574, "long_side_px": 44.2, "heading_deg": 0.9}}, {"type": "Feature", "geometry": {"type": "Polygon", "coordinates": [[[-118.4822953, 34.2066029], [-118.4822214, 34.2066041], [-118.4822207, 34.2065738], [-118.4822946, 34.2065726], [-118.4822953, 34.2066029]]]}, "properties": {"tile_id": "103001010C12B000_031311102120_r013_c011", "class": "small-vehicle", "score": 0.628, "long_side_px": 22.3, "heading_deg": 179.7}}, {"type": "Feature", "geometry": {"type": "Polygon", "coordinates": [[[-118.4831844, 34.2066746], [-118.4831094, 34.2066823], [-118.4831045, 34.2066496], [-118.4831796, 34.2066419], [-118.4831844, 34.2066746]]]}, "properties": {"tile_id": "103001010C12B000_031311102120_r013_c011", "class": "small-vehicle", "score": 0.623, "long_side_px": 22.8, "heading_deg": 173.8}}, {"type": "Feature", "geometry": {"type": "Polygon", "coordinates": [[[-118.483606, 34.2050371], [-118.4835685, 34.2050373], [-118.4835681, 34.2049754], [-118.4836056, 34.2049752], [-118.483606, 34.2050371]]]}, "properties": {"tile_id": "103001010C12B000_031311102120_r013_c011", "class": "small-vehicle", "score": 0.551, "long_side_px": 22.5, "heading_deg": 90.5}}, {"type": "Feature", "geometry": {"type": "Polygon", "coordinates": [[[-118.4836405, 34.2049694], [-118.4836034, 34.2049675], [-118.4836078, 34.2049074], [-118.4836449, 34.2049093], [-118.4836405, 34.2049694]]]}, "properties": {"tile_id": "103001010C12B000_031311102120_r013_c011", "class": "small-vehicle", "score": 0.531, "long_side_px": 21.9, "heading_deg": 94.3}}, {"type": "Feature", "geometry": {"type": "Polygon", "coordinates": [[[-118.4782541, 34.2064527], [-118.4782174, 34.2064498], [-118.4782239, 34.2063934], [-118.4782605, 34.2063963], [-118.4782541, 34.2064527]]]}, "properties": {"tile_id": "103001010C12B000_031311102120_r013_c012", "class": "small-vehicle", "score": 0.525, "long_side_px": 20.6, "heading_deg": 96.3}}, {"type": "Feature", "geometry": {"type": "Polygon", "coordinates": [[[-118.4708979, 34.2066874], [-118.4708247, 34.2066905], [-118.4708226, 34.206656], [-118.4708959, 34.206653], [-118.4708979, 34.2066874]]]}, "properties": {"tile_id": "103001010C12B000_031311102120_r013_c014", "class": "ship", "score": 0.529, "long_side_px": 22.2, "heading_deg": 178.0}}, {"type": "Feature", "geometry": {"type": "Polygon", "coordinates": [[[-118.467126, 34.2052057], [-118.4670549, 34.2052068], [-118.4670542, 34.2051762], [-118.4671253, 34.2051751], [-118.467126, 34.2052057]]]}, "properties": {"tile_id": "103001010C12B000_031311102120_r013_c015", "class": "small-vehicle", "score": 0.582, "long_side_px": 21.5, "heading_deg": 179.7}}, {"type": "Feature", "geometry": {"type": "Polygon", "coordinates": [[[-118.4672424, 34.2052401], [-118.4672058, 34.2052424], [-118.4672, 34.20518], [-118.4672367, 34.2051776], [-118.4672424, 34.2052401]]]}, "properties": {"tile_id": "103001010C12B000_031311102120_r013_c015", "class": "small-vehicle", "score": 0.527, "long_side_px": 22.8, "heading_deg": 86.5}}, {"type": "Feature", "geometry": {"type": "Polygon", "coordinates": [[[-118.5208225, 34.2024603], [-118.5207845, 34.2024592], [-118.5207874, 34.2023943], [-118.5208254, 34.2023955], [-118.5208225, 34.2024603]]]}, "properties": {"tile_id": "103001010C12B000_031311102120_r014_c000", "class": "small-vehicle", "score": 0.679, "long_side_px": 23.6, "heading_deg": 93.0}}, {"type": "Feature", "geometry": {"type": "Polygon", "coordinates": [[[-118.5186642, 34.2018278], [-118.5186282, 34.2018245], [-118.5186356, 34.2017676], [-118.5186716, 34.2017708], [-118.5186642, 34.2018278]]]}, "properties": {"tile_id": "103001010C12B000_031311102120_r014_c000", "class": "small-vehicle", "score": 0.657, "long_side_px": 20.8, "heading_deg": 97.1}}, {"type": "Feature", "geometry": {"type": "Polygon", "coordinates": [[[-118.518656, 34.201745], [-118.5186131, 34.201738], [-118.5186275, 34.2016772], [-118.5186704, 34.2016842], [-118.518656, 34.201745]]]}, "properties": {"tile_id": "103001010C12B000_031311102120_r014_c000", "class": "small-vehicle", "score": 0.619, "long_side_px": 22.5, "heading_deg": 102.0}}, {"type": "Feature", "geometry": {"type": "Polygon", "coordinates": [[[-118.5208208, 34.2020376], [-118.5207833, 34.202035], [-118.5207896, 34.2019722], [-118.5208271, 34.2019747], [-118.5208208, 34.2020376]]]}, "properties": {"tile_id": "103001010C12B000_031311102120_r014_c000", "class": "small-vehicle", "score": 0.529, "long_side_px": 22.9, "heading_deg": 95.6}}, {"type": "Feature", "geometry": {"type": "Polygon", "coordinates": [[[-118.5151575, 34.2012306], [-118.5150679, 34.2012327], [-118.5150667, 34.2011946], [-118.5151563, 34.2011926], [-118.5151575, 34.2012306]]]}, "properties": {"tile_id": "103001010C12B000_031311102120_r014_c001", "class": "small-vehicle", "score": 0.593, "long_side_px": 27.1, "heading_deg": 179.3}}, {"type": "Feature", "geometry": {"type": "Polygon", "coordinates": [[[-118.5109348, 34.2033864], [-118.5108956, 34.2033846], [-118.5108992, 34.2033301], [-118.5109383, 34.2033318], [-118.5109348, 34.2033864]]]}, "properties": {"tile_id": "103001010C12B000_031311102120_r014_c003", "class": "small-vehicle", "score": 0.551, "long_side_px": 19.9, "heading_deg": 93.9}}, {"type": "Feature", "geometry": {"type": "Polygon", "coordinates": [[[-118.5044905, 34.2021855], [-118.504416, 34.2021979], [-118.5044086, 34.2021671], [-118.5044831, 34.2021547], [-118.5044905, 34.2021855]]]}, "properties": {"tile_id": "103001010C12B000_031311102120_r014_c004", "class": "small-vehicle", "score": 0.613, "long_side_px": 22.9, "heading_deg": 169.5}}, {"type": "Feature", "geometry": {"type": "Polygon", "coordinates": [[[-118.502375, 34.2020524], [-118.5023035, 34.2020533], [-118.502303, 34.2020273], [-118.5023745, 34.2020263], [-118.502375, 34.2020524]]]}, "properties": {"tile_id": "103001010C12B000_031311102120_r014_c005", "class": "small-vehicle", "score": 0.779, "long_side_px": 21.6, "heading_deg": 179.9}}, {"type": "Feature", "geometry": {"type": "Polygon", "coordinates": [[[-118.5016495, 34.2012648], [-118.5015732, 34.2012652], [-118.5015729, 34.2012311], [-118.5016492, 34.2012307], [-118.5016495, 34.2012648]]]}, "properties": {"tile_id": "103001010C12B000_031311102120_r014_c005", "class": "small-vehicle", "score": 0.706, "long_side_px": 23.0, "heading_deg": 0.4}}, {"type": "Feature", "geometry": {"type": "Polygon", "coordinates": [[[-118.50272, 34.2015361], [-118.5026481, 34.201541], [-118.5026451, 34.2015114], [-118.502717, 34.2015065], [-118.50272, 34.2015361]]]}, "properties": {"tile_id": "103001010C12B000_031311102120_r014_c005", "class": "small-vehicle", "score": 0.699, "long_side_px": 21.8, "heading_deg": 176.1}}, {"type": "Feature", "geometry": {"type": "Polygon", "coordinates": [[[-118.5023741, 34.202025], [-118.502311, 34.2020275], [-118.5023096, 34.2020023], [-118.5023727, 34.2019998], [-118.5023741, 34.202025]]]}, "properties": {"tile_id": "103001010C12B000_031311102120_r014_c005", "class": "small-vehicle", "score": 0.689, "long_side_px": 19.1, "heading_deg": 178.1}}, {"type": "Feature", "geometry": {"type": "Polygon", "coordinates": [[[-118.5011591, 34.2028405], [-118.5011217, 34.2028444], [-118.5011118, 34.2027795], [-118.5011492, 34.2027755], [-118.5011591, 34.2028405]]]}, "properties": {"tile_id": "103001010C12B000_031311102120_r014_c005", "class": "small-vehicle", "score": 0.679, "long_side_px": 23.8, "heading_deg": 83.6}}, {"type": "Feature", "geometry": {"type": "Polygon", "coordinates": [[[-118.5020965, 34.2018799], [-118.5020202, 34.2018821], [-118.5020189, 34.2018517], [-118.5020951, 34.2018494], [-118.5020965, 34.2018799]]]}, "properties": {"tile_id": "103001010C12B000_031311102120_r014_c005", "class": "small-vehicle", "score": 0.674, "long_side_px": 23.0, "heading_deg": 178.8}}, {"type": "Feature", "geometry": {"type": "Polygon", "coordinates": [[[-118.5020983, 34.2018494], [-118.5020173, 34.2018519], [-118.502016, 34.2018217], [-118.5020969, 34.2018191], [-118.5020983, 34.2018494]]]}, "properties": {"tile_id": "103001010C12B000_031311102120_r014_c005", "class": "small-vehicle", "score": 0.67, "long_side_px": 24.5, "heading_deg": 178.7}}, {"type": "Feature", "geometry": {"type": "Polygon", "coordinates": [[[-118.5023676, 34.2019724], [-118.50231, 34.2019762], [-118.5023076, 34.2019504], [-118.5023651, 34.2019466], [-118.5023676, 34.2019724]]]}, "properties": {"tile_id": "103001010C12B000_031311102120_r014_c005", "class": "small-vehicle", "score": 0.662, "long_side_px": 17.4, "heading_deg": 176.3}}, {"type": "Feature", "geometry": {"type": "Polygon", "coordinates": [[[-118.501303, 34.2012073], [-118.5012241, 34.201216], [-118.5012186, 34.2011816], [-118.5012975, 34.2011729], [-118.501303, 34.2012073]]]}, "properties": {"tile_id": "103001010C12B000_031311102120_r014_c005", "class": "small-vehicle", "score": 0.633, "long_side_px": 24.0, "heading_deg": 173.3}}, {"type": "Feature", "geometry": {"type": "Polygon", "coordinates": [[[-118.5023735, 34.2020703], [-118.5023027, 34.2020721], [-118.5023019, 34.2020479], [-118.5023726, 34.2020462], [-118.5023735, 34.2020703]]]}, "properties": {"tile_id": "103001010C12B000_031311102120_r014_c005", "class": "small-vehicle", "score": 0.621, "long_side_px": 21.4, "heading_deg": 179.2}}, {"type": "Feature", "geometry": {"type": "Polygon", "coordinates": [[[-118.5014263, 34.2012344], [-118.5013446, 34.2012448], [-118.5013381, 34.2012093], [-118.5014198, 34.2011989], [-118.5014263, 34.2012344]]]}, "properties": {"tile_id": "103001010C12B000_031311102120_r014_c005", "class": "small-vehicle", "score": 0.607, "long_side_px": 24.9, "heading_deg": 172.2}}, {"type": "Feature", "geometry": {"type": "Polygon", "coordinates": [[[-118.5011564, 34.2037328], [-118.5011187, 34.2037282], [-118.5011295, 34.2036668], [-118.5011672, 34.2036714], [-118.5011564, 34.2037328]]]}, "properties": {"tile_id": "103001010C12B000_031311102120_r014_c005", "class": "small-vehicle", "score": 0.591, "long_side_px": 22.5, "heading_deg": 99.2}}, {"type": "Feature", "geometry": {"type": "Polygon", "coordinates": [[[-118.5026155, 34.2021547], [-118.5025234, 34.2021612], [-118.5025198, 34.2021258], [-118.5026119, 34.2021193], [-118.5026155, 34.2021547]]]}, "properties": {"tile_id": "103001010C12B000_031311102120_r014_c005", "class": "small-vehicle", "score": 0.587, "long_side_px": 27.9, "heading_deg": 176.0}}, {"type": "Feature", "geometry": {"type": "Polygon", "coordinates": [[[-118.5027226, 34.2015656], [-118.5026498, 34.2015711], [-118.502647, 34.2015451], [-118.5027198, 34.2015397], [-118.5027226, 34.2015656]]]}, "properties": {"tile_id": "103001010C12B000_031311102120_r014_c005", "class": "small-vehicle", "score": 0.572, "long_side_px": 22.1, "heading_deg": 175.7}}, {"type": "Feature", "geometry": {"type": "Polygon", "coordinates": [[[-118.5020976, 34.2019114], [-118.50201, 34.2019135], [-118.502009, 34.2018835], [-118.5020966, 34.2018814], [-118.5020976, 34.2019114]]]}, "properties": {"tile_id": "103001010C12B000_031311102120_r014_c005", "class": "small-vehicle", "score": 0.555, "long_side_px": 26.5, "heading_deg": 179.2}}, {"type": "Feature", "geometry": {"type": "Polygon", "coordinates": [[[-118.5010662, 34.201266], [-118.5009958, 34.201269], [-118.5009937, 34.2012358], [-118.5010642, 34.2012329], [-118.5010662, 34.201266]]]}, "properties": {"tile_id": "103001010C12B000_031311102120_r014_c005", "class": "small-vehicle", "score": 0.551, "long_side_px": 21.3, "heading_deg": 177.9}}, {"type": "Feature", "geometry": {"type": "Polygon", "coordinates": [[[-118.5026878, 34.2022085], [-118.5026508, 34.2022114], [-118.5026444, 34.2021548], [-118.5026813, 34.2021519], [-118.5026878, 34.2022085]]]}, "properties": {"tile_id": "103001010C12B000_031311102120_r014_c005", "class": "small-vehicle", "score": 0.539, "long_side_px": 20.7, "heading_deg": 85.5}}, {"type": "Feature", "geometry": {"type": "Polygon", "coordinates": [[[-118.5023681, 34.2018986], [-118.5023069, 34.2018975], [-118.5023076, 34.2018701], [-118.5023689, 34.2018713], [-118.5023681, 34.2018986]]]}, "properties": {"tile_id": "103001010C12B000_031311102120_r014_c005", "class": "small-vehicle", "score": 0.527, "long_side_px": 18.5, "heading_deg": 2.1}}, {"type": "Feature", "geometry": {"type": "Polygon", "coordinates": [[[-118.500593, 34.2012087], [-118.5005162, 34.2012098], [-118.5005156, 34.2011782], [-118.5005924, 34.2011771], [-118.500593, 34.2012087]]]}, "properties": {"tile_id": "103001010C12B000_031311102120_r014_c006", "class": "small-vehicle", "score": 0.686, "long_side_px": 23.2, "heading_deg": 179.9}}, {"type": "Feature", "geometry": {"type": "Polygon", "coordinates": [[[-118.500699, 34.201268], [-118.5006086, 34.20127], [-118.5006075, 34.2012348], [-118.5006979, 34.2012328], [-118.500699, 34.201268]]]}, "properties": {"tile_id": "103001010C12B000_031311102120_r014_c006", "class": "small-vehicle", "score": 0.674, "long_side_px": 27.3, "heading_deg": 179.3}}, {"type": "Feature", "geometry": {"type": "Polygon", "coordinates": [[[-118.5007876, 34.2011827], [-118.5007113, 34.2011846], [-118.5007101, 34.2011527], [-118.5007864, 34.2011507], [-118.5007876, 34.2011827]]]}, "properties": {"tile_id": "103001010C12B000_031311102120_r014_c006", "class": "small-vehicle", "score": 0.609, "long_side_px": 23.1, "heading_deg": 179.1}}, {"type": "Feature", "geometry": {"type": "Polygon", "coordinates": [[[-118.5001764, 34.2022075], [-118.5000994, 34.2022164], [-118.5000937, 34.202182], [-118.5001707, 34.2021732], [-118.5001764, 34.2022075]]]}, "properties": {"tile_id": "103001010C12B000_031311102120_r014_c006", "class": "small-vehicle", "score": 0.591, "long_side_px": 23.5, "heading_deg": 173.0}}, {"type": "Feature", "geometry": {"type": "Polygon", "coordinates": [[[-118.50078, 34.2028043], [-118.5007424, 34.2028022], [-118.5007475, 34.2027408], [-118.5007851, 34.2027429], [-118.50078, 34.2028043]]]}, "properties": {"tile_id": "103001010C12B000_031311102120_r014_c006", "class": "small-vehicle", "score": 0.583, "long_side_px": 22.4, "heading_deg": 94.8}}, {"type": "Feature", "geometry": {"type": "Polygon", "coordinates": [[[-118.5005882, 34.2012399], [-118.5005195, 34.2012367], [-118.5005214, 34.2012076], [-118.5005902, 34.2012108], [-118.5005882, 34.2012399]]]}, "properties": {"tile_id": "103001010C12B000_031311102120_r014_c006", "class": "small-vehicle", "score": 0.568, "long_side_px": 20.8, "heading_deg": 4.1}}, {"type": "Feature", "geometry": {"type": "Polygon", "coordinates": [[[-118.5007816, 34.2026884], [-118.5007456, 34.2026882], [-118.5007462, 34.2026241], [-118.5007823, 34.2026244], [-118.5007816, 34.2026884]]]}, "properties": {"tile_id": "103001010C12B000_031311102120_r014_c006", "class": "small-vehicle", "score": 0.543, "long_side_px": 23.3, "heading_deg": 91.3}}, {"type": "Feature", "geometry": {"type": "Polygon", "coordinates": [[[-118.5008233, 34.2012419], [-118.5007434, 34.2012421], [-118.5007433, 34.2012082], [-118.5008232, 34.201208], [-118.5008233, 34.2012419]]]}, "properties": {"tile_id": "103001010C12B000_031311102120_r014_c006", "class": "small-vehicle", "score": 0.537, "long_side_px": 24.1, "heading_deg": 0.7}}, {"type": "Feature", "geometry": {"type": "Polygon", "coordinates": [[[-118.500685, 34.2028012], [-118.5006492, 34.2028031], [-118.5006444, 34.2027436], [-118.5006802, 34.2027416], [-118.500685, 34.2028012]]]}, "properties": {"tile_id": "103001010C12B000_031311102120_r014_c006", "class": "small-vehicle", "score": 0.533, "long_side_px": 21.7, "heading_deg": 87.0}}, {"type": "Feature", "geometry": {"type": "Polygon", "coordinates": [[[-118.4989546, 34.201235], [-118.498889, 34.2012364], [-118.4988881, 34.2012056], [-118.4989536, 34.2012042], [-118.4989546, 34.201235]]]}, "properties": {"tile_id": "103001010C12B000_031311102120_r014_c006", "class": "small-vehicle", "score": 0.525, "long_side_px": 19.8, "heading_deg": 179.4}}, {"type": "Feature", "geometry": {"type": "Polygon", "coordinates": [[[-118.49527, 34.2012689], [-118.4951904, 34.2012677], [-118.4951911, 34.2012316], [-118.4952708, 34.2012327], [-118.49527, 34.2012689]]]}, "properties": {"tile_id": "103001010C12B000_031311102120_r014_c007", "class": "small-vehicle", "score": 0.639, "long_side_px": 24.0, "heading_deg": 1.8}}, {"type": "Feature", "geometry": {"type": "Polygon", "coordinates": [[[-118.495555, 34.2018469], [-118.4954741, 34.20182], [-118.4954892, 34.2017885], [-118.4955702, 34.2018153], [-118.495555, 34.2018469]]]}, "properties": {"tile_id": "103001010C12B000_031311102120_r014_c007", "class": "small-vehicle", "score": 0.547, "long_side_px": 26.3, "heading_deg": 22.6}}, {"type": "Feature", "geometry": {"type": "Polygon", "coordinates": [[[-118.4911605, 34.2024711], [-118.4908486, 34.2023819], [-118.4909579, 34.2021178], [-118.4912699, 34.202207], [-118.4911605, 34.2024711]]]}, "properties": {"tile_id": "103001010C12B000_031311102120_r014_c008", "class": "plane", "score": 0.949, "long_side_px": 101.5, "heading_deg": 109.8}}, {"type": "Feature", "geometry": {"type": "Polygon", "coordinates": [[[-118.4915183, 34.2024014], [-118.4911925, 34.2024124], [-118.4911788, 34.2021309], [-118.4915045, 34.2021199], [-118.4915183, 34.2024014]]]}, "properties": {"tile_id": "103001010C12B000_031311102120_r014_c008", "class": "plane", "score": 0.942, "long_side_px": 102.4, "heading_deg": 88.5}}, {"type": "Feature", "geometry": {"type": "Polygon", "coordinates": [[[-118.4917908, 34.2023466], [-118.4915422, 34.2023475], [-118.4915409, 34.2021147], [-118.4917895, 34.2021138], [-118.4917908, 34.2023466]]]}, "properties": {"tile_id": "103001010C12B000_031311102120_r014_c008", "class": "plane", "score": 0.917, "long_side_px": 84.6, "heading_deg": 90.6}}, {"type": "Feature", "geometry": {"type": "Polygon", "coordinates": [[[-118.4914092, 34.2039974], [-118.4912678, 34.2039974], [-118.4912678, 34.2039115], [-118.4914092, 34.2039115], [-118.4914092, 34.2039974]]]}, "properties": {"tile_id": "103001010C12B000_031311102120_r014_c008", "class": "plane", "score": 0.868, "long_side_px": 42.7, "heading_deg": 0.8}}, {"type": "Feature", "geometry": {"type": "Polygon", "coordinates": [[[-118.4919071, 34.2028042], [-118.4917679, 34.2029104], [-118.4916435, 34.2027978], [-118.4917827, 34.2026917], [-118.4919071, 34.2028042]]]}, "properties": {"tile_id": "103001010C12B000_031311102120_r014_c008", "class": "plane", "score": 0.858, "long_side_px": 57.1, "heading_deg": 138.3}}, {"type": "Feature", "geometry": {"type": "Polygon", "coordinates": [[[-118.4915554, 34.2039936], [-118.4914104, 34.2039981], [-118.4914064, 34.2039088], [-118.4915514, 34.2039043], [-118.4915554, 34.2039936]]]}, "properties": {"tile_id": "103001010C12B000_031311102120_r014_c008", "class": "plane", "score": 0.84, "long_side_px": 43.8, "heading_deg": 178.7}}, {"type": "Feature", "geometry": {"type": "Polygon", "coordinates": [[[-118.4914636, 34.2039369], [-118.4913253, 34.2039273], [-118.4913338, 34.2038432], [-118.4914721, 34.2038528], [-118.4914636, 34.2039369]]]}, "properties": {"tile_id": "103001010C12B000_031311102120_r014_c008", "class": "plane", "score": 0.84, "long_side_px": 41.9, "heading_deg": 5.6}}, {"type": "Feature", "geometry": {"type": "Polygon", "coordinates": [[[-118.4916288, 34.203628], [-118.4914883, 34.2036372], [-118.491479, 34.2035398], [-118.4916195, 34.2035306], [-118.4916288, 34.203628]]]}, "properties": {"tile_id": "103001010C12B000_031311102120_r014_c008", "class": "plane", "score": 0.777, "long_side_px": 42.6, "heading_deg": 176.3}}, {"type": "Feature", "geometry": {"type": "Polygon", "coordinates": [[[-118.491702, 34.2040022], [-118.4915578, 34.2040128], [-118.4915484, 34.2039244], [-118.4916925, 34.2039138], [-118.491702, 34.2040022]]]}, "properties": {"tile_id": "103001010C12B000_031311102120_r014_c008", "class": "plane", "score": 0.774, "long_side_px": 43.7, "heading_deg": 175.8}}, {"type": "Feature", "geometry": {"type": "Polygon", "coordinates": [[[-118.4919539, 34.2021174], [-118.4918745, 34.202114], [-118.4918766, 34.2020792], [-118.491956, 34.2020826], [-118.4919539, 34.2021174]]]}, "properties": {"tile_id": "103001010C12B000_031311102120_r014_c008", "class": "small-vehicle", "score": 0.57, "long_side_px": 24.0, "heading_deg": 3.8}}, {"type": "Feature", "geometry": {"type": "Polygon", "coordinates": [[[-118.4880162, 34.2038905], [-118.4877036, 34.2041188], [-118.4874411, 34.2038707], [-118.4877537, 34.2036424], [-118.4880162, 34.2038905]]]}, "properties": {"tile_id": "103001010C12B000_031311102120_r014_c009", "class": "plane", "score": 0.921, "long_side_px": 125.7, "heading_deg": 139.5}}, {"type": "Feature", "geometry": {"type": "Polygon", "coordinates": [[[-118.4879752, 34.201822], [-118.4877221, 34.2019772], [-118.4875244, 34.2017547], [-118.4877776, 34.2015995], [-118.4879752, 34.201822]]]}, "properties": {"tile_id": "103001010C12B000_031311102120_r014_c009", "class": "plane", "score": 0.902, "long_side_px": 100.5, "heading_deg": 54.4}}, {"type": "Feature", "geometry": {"type": "Polygon", "coordinates": [[[-118.4861978, 34.2024791], [-118.4861231, 34.202485], [-118.4861195, 34.2024544], [-118.4861943, 34.2024485], [-118.4861978, 34.2024791]]]}, "properties": {"tile_id": "103001010C12B000_031311102120_r014_c010", "class": "small-vehicle", "score": 0.698, "long_side_px": 22.7, "heading_deg": 175.4}}, {"type": "Feature", "geometry": {"type": "Polygon", "coordinates": [[[-118.4861872, 34.2024097], [-118.4861003, 34.2024165], [-118.4860962, 34.2023811], [-118.4861832, 34.2023743], [-118.4861872, 34.2024097]]]}, "properties": {"tile_id": "103001010C12B000_031311102120_r014_c010", "class": "small-vehicle", "score": 0.679, "long_side_px": 26.4, "heading_deg": 175.5}}, {"type": "Feature", "geometry": {"type": "Polygon", "coordinates": [[[-118.4861866, 34.201739], [-118.4861086, 34.2017375], [-118.4861096, 34.2017032], [-118.4861876, 34.2017047], [-118.4861866, 34.201739]]]}, "properties": {"tile_id": "103001010C12B000_031311102120_r014_c010", "class": "small-vehicle", "score": 0.648, "long_side_px": 23.6, "heading_deg": 2.2}}, {"type": "Feature", "geometry": {"type": "Polygon", "coordinates": [[[-118.4863391, 34.2017376], [-118.4862722, 34.2017383], [-118.4862718, 34.201709], [-118.4863387, 34.2017083], [-118.4863391, 34.2017376]]]}, "properties": {"tile_id": "103001010C12B000_031311102120_r014_c010", "class": "small-vehicle", "score": 0.639, "long_side_px": 20.2, "heading_deg": 0.1}}, {"type": "Feature", "geometry": {"type": "Polygon", "coordinates": [[[-118.48619, 34.2028575], [-118.486109, 34.20286], [-118.4861075, 34.2028262], [-118.4861884, 34.2028236], [-118.48619, 34.2028575]]]}, "properties": {"tile_id": "103001010C12B000_031311102120_r014_c010", "class": "small-vehicle", "score": 0.639, "long_side_px": 24.5, "heading_deg": 178.7}}, {"type": "Feature", "geometry": {"type": "Polygon", "coordinates": [[[-118.4872625, 34.2021355], [-118.4871855, 34.2021378], [-118.4871842, 34.2021062], [-118.4872612, 34.202104], [-118.4872625, 34.2021355]]]}, "properties": {"tile_id": "103001010C12B000_031311102120_r014_c010", "class": "small-vehicle", "score": 0.637, "long_side_px": 23.3, "heading_deg": 178.8}}, {"type": "Feature", "geometry": {"type": "Polygon", "coordinates": [[[-118.4858388, 34.2024354], [-118.4857991, 34.2024369], [-118.4857959, 34.2023798], [-118.4858355, 34.2023783], [-118.4858388, 34.2024354]]]}, "properties": {"tile_id": "103001010C12B000_031311102120_r014_c010", "class": "small-vehicle", "score": 0.623, "long_side_px": 20.8, "heading_deg": 88.2}}, {"type": "Feature", "geometry": {"type": "Polygon", "coordinates": [[[-118.4872581, 34.2021684], [-118.4871852, 34.2021711], [-118.4871836, 34.2021394], [-118.4872564, 34.2021367], [-118.4872581, 34.2021684]]]}, "properties": {"tile_id": "103001010C12B000_031311102120_r014_c010", "class": "small-vehicle", "score": 0.583, "long_side_px": 22.0, "heading_deg": 178.3}}, {"type": "Feature", "geometry": {"type": "Polygon", "coordinates": [[[-118.486177, 34.2029856], [-118.4861051, 34.2029801], [-118.4861083, 34.2029513], [-118.4861803, 34.2029569], [-118.486177, 34.2029856]]]}, "properties": {"tile_id": "103001010C12B000_031311102120_r014_c010", "class": "small-vehicle", "score": 0.57, "long_side_px": 21.8, "heading_deg": 6.2}}, {"type": "Feature", "geometry": {"type": "Polygon", "coordinates": [[[-118.4861806, 34.2032472], [-118.4861031, 34.2032512], [-118.4861008, 34.203221], [-118.4861783, 34.2032169], [-118.4861806, 34.2032472]]]}, "properties": {"tile_id": "103001010C12B000_031311102120_r014_c010", "class": "small-vehicle", "score": 0.564, "long_side_px": 23.5, "heading_deg": 177.2}}, {"type": "Feature", "geometry": {"type": "Polygon", "coordinates": [[[-118.4854272, 34.203961], [-118.485345, 34.2039602], [-118.4853456, 34.2039247], [-118.4854277, 34.2039256], [-118.4854272, 34.203961]]]}, "properties": {"tile_id": "103001010C12B000_031311102120_r014_c010", "class": "small-vehicle", "score": 0.56, "long_side_px": 24.8, "heading_deg": 1.6}}, {"type": "Feature", "geometry": {"type": "Polygon", "coordinates": [[[-118.484474, 34.2038868], [-118.4843513, 34.2038858], [-118.4843518, 34.203846], [-118.4844745, 34.2038471], [-118.484474, 34.2038868]]]}, "properties": {"tile_id": "103001010C12B000_031311102120_r014_c010", "class": "ship", "score": 0.553, "long_side_px": 37.1, "heading_deg": 1.4}}, {"type": "Feature", "geometry": {"type": "Polygon", "coordinates": [[[-118.4850451, 34.202224], [-118.484964, 34.2022231], [-118.4849646, 34.2021871], [-118.4850456, 34.2021879], [-118.4850451, 34.202224]]]}, "properties": {"tile_id": "103001010C12B000_031311102120_r014_c010", "class": "small-vehicle", "score": 0.545, "long_side_px": 24.5, "heading_deg": 1.6}}, {"type": "Feature", "geometry": {"type": "Polygon", "coordinates": [[[-118.4861814, 34.202958], [-118.4861102, 34.2029562], [-118.4861112, 34.2029266], [-118.4861825, 34.2029284], [-118.4861814, 34.202958]]]}, "properties": {"tile_id": "103001010C12B000_031311102120_r014_c010", "class": "small-vehicle", "score": 0.539, "long_side_px": 21.5, "heading_deg": 2.5}}, {"type": "Feature", "geometry": {"type": "Polygon", "coordinates": [[[-118.4845752, 34.2013085], [-118.4845011, 34.201313], [-118.4844983, 34.2012811], [-118.4845724, 34.2012766], [-118.4845752, 34.2013085]]]}, "properties": {"tile_id": "103001010C12B000_031311102120_r014_c010", "class": "small-vehicle", "score": 0.539, "long_side_px": 22.4, "heading_deg": 176.6}}, {"type": "Feature", "geometry": {"type": "Polygon", "coordinates": [[[-118.4824439, 34.2030536], [-118.48234, 34.2030565], [-118.4823385, 34.2030195], [-118.4824425, 34.2030166], [-118.4824439, 34.2030536]]]}, "properties": {"tile_id": "103001010C12B000_031311102120_r014_c011", "class": "ship", "score": 0.611, "long_side_px": 31.4, "heading_deg": 178.9}}, {"type": "Feature", "geometry": {"type": "Polygon", "coordinates": [[[-118.4793171, 34.202013], [-118.4792783, 34.202011], [-118.4792828, 34.2019498], [-118.4793217, 34.2019518], [-118.4793171, 34.202013]]]}, "properties": {"tile_id": "103001010C12B000_031311102120_r014_c012", "class": "small-vehicle", "score": 0.591, "long_side_px": 22.3, "heading_deg": 94.4}}, {"type": "Feature", "geometry": {"type": "Polygon", "coordinates": [[[-118.4749435, 34.2027062], [-118.474911, 34.2026865], [-118.474958, 34.2026328], [-118.4749905, 34.2026524], [-118.4749435, 34.2027062]]]}, "properties": {"tile_id": "103001010C12B000_031311102120_r014_c013", "class": "small-vehicle", "score": 0.568, "long_side_px": 24.2, "heading_deg": 126.8}}, {"type": "Feature", "geometry": {"type": "Polygon", "coordinates": [[[-118.4749607, 34.2025746], [-118.474915, 34.202566], [-118.4749329, 34.2025003], [-118.4749786, 34.2025088], [-118.4749607, 34.2025746]]]}, "properties": {"tile_id": "103001010C12B000_031311102120_r014_c013", "class": "small-vehicle", "score": 0.555, "long_side_px": 24.5, "heading_deg": 103.6}}, {"type": "Feature", "geometry": {"type": "Polygon", "coordinates": [[[-118.4734905, 34.2030239], [-118.4734436, 34.203022], [-118.4734532, 34.2028569], [-118.4735001, 34.2028588], [-118.4734905, 34.2030239]]]}, "properties": {"tile_id": "103001010C12B000_031311102120_r014_c014", "class": "large-vehicle", "score": 0.817, "long_side_px": 60.1, "heading_deg": 93.6}}, {"type": "Feature", "geometry": {"type": "Polygon", "coordinates": [[[-118.5210452, 34.2004433], [-118.5209762, 34.2004472], [-118.5209738, 34.2004173], [-118.5210428, 34.2004134], [-118.5210452, 34.2004433]]]}, "properties": {"tile_id": "103001010C12B000_031311102120_r015_c000", "class": "small-vehicle", "score": 0.617, "long_side_px": 20.9, "heading_deg": 177.0}}, {"type": "Feature", "geometry": {"type": "Polygon", "coordinates": [[[-118.518623, 34.1988957], [-118.5185905, 34.1988965], [-118.5185882, 34.1988365], [-118.5186208, 34.1988356], [-118.518623, 34.1988957]]]}, "properties": {"tile_id": "103001010C12B000_031311102120_r015_c000", "class": "small-vehicle", "score": 0.56, "long_side_px": 21.8, "heading_deg": 89.0}}, {"type": "Feature", "geometry": {"type": "Polygon", "coordinates": [[[-118.5193236, 34.2006901], [-118.5192522, 34.2006923], [-118.5192508, 34.2006614], [-118.5193222, 34.2006592], [-118.5193236, 34.2006901]]]}, "properties": {"tile_id": "103001010C12B000_031311102120_r015_c000", "class": "small-vehicle", "score": 0.539, "long_side_px": 21.6, "heading_deg": 178.7}}, {"type": "Feature", "geometry": {"type": "Polygon", "coordinates": [[[-118.5188248, 34.2005158], [-118.5187877, 34.2005193], [-118.518779, 34.2004574], [-118.5188162, 34.2004538], [-118.5188248, 34.2005158]]]}, "properties": {"tile_id": "103001010C12B000_031311102120_r015_c000", "class": "small-vehicle", "score": 0.525, "long_side_px": 22.7, "heading_deg": 84.2}}, {"type": "Feature", "geometry": {"type": "Polygon", "coordinates": [[[-118.5098211, 34.2009419], [-118.50978, 34.2009408], [-118.5097822, 34.200881], [-118.5098233, 34.2008821], [-118.5098211, 34.2009419]]]}, "properties": {"tile_id": "103001010C12B000_031311102120_r015_c003", "class": "small-vehicle", "score": 0.551, "long_side_px": 21.8, "heading_deg": 92.6}}, {"type": "Feature", "geometry": {"type": "Polygon", "coordinates": [[[-118.5099496, 34.1982346], [-118.5099134, 34.1982347], [-118.5099132, 34.1981734], [-118.5099494, 34.1981733], [-118.5099496, 34.1982346]]]}, "properties": {"tile_id": "103001010C12B000_031311102120_r015_c003", "class": "small-vehicle", "score": 0.547, "long_side_px": 22.3, "heading_deg": 90.7}}, {"type": "Feature", "geometry": {"type": "Polygon", "coordinates": [[[-118.5087406, 34.1983509], [-118.5087004, 34.1983517], [-118.5086988, 34.1982905], [-118.508739, 34.1982898], [-118.5087406, 34.1983509]]]}, "properties": {"tile_id": "103001010C12B000_031311102120_r015_c003", "class": "small-vehicle", "score": 0.543, "long_side_px": 22.2, "heading_deg": 89.6}}, {"type": "Feature", "geometry": {"type": "Polygon", "coordinates": [[[-118.5072518, 34.1993771], [-118.5071662, 34.1993722], [-118.5071692, 34.1993352], [-118.5072548, 34.19934], [-118.5072518, 34.1993771]]]}, "properties": {"tile_id": "103001010C12B000_031311102120_r015_c004", "class": "ship", "score": 0.6, "long_side_px": 25.9, "heading_deg": 4.7}}, {"type": "Feature", "geometry": {"type": "Polygon", "coordinates": [[[-118.503757, 34.199416], [-118.5036922, 34.1994362], [-118.5036801, 34.1994094], [-118.503745, 34.1993893], [-118.503757, 34.199416]]]}, "properties": {"tile_id": "103001010C12B000_031311102120_r015_c005", "class": "small-vehicle", "score": 0.677, "long_side_px": 20.9, "heading_deg": 160.3}}, {"type": "Feature", "geometry": {"type": "Polygon", "coordinates": [[[-118.5029035, 34.2006471], [-118.5028156, 34.2006526], [-118.5028126, 34.2006191], [-118.5029004, 34.2006135], [-118.5029035, 34.2006471]]]}, "properties": {"tile_id": "103001010C12B000_031311102120_r015_c005", "class": "small-vehicle", "score": 0.589, "long_side_px": 26.6, "heading_deg": 176.5}}, {"type": "Feature", "geometry": {"type": "Polygon", "coordinates": [[[-118.5031783, 34.2002871], [-118.5031433, 34.200287], [-118.5031437, 34.2002238], [-118.5031787, 34.200224], [-118.5031783, 34.2002871]]]}, "properties": {"tile_id": "103001010C12B000_031311102120_r015_c005", "class": "small-vehicle", "score": 0.589, "long_side_px": 23.0, "heading_deg": 91.1}}, {"type": "Feature", "geometry": {"type": "Polygon", "coordinates": [[[-118.5013245, 34.1996351], [-118.5012904, 34.1996394], [-118.50128, 34.1995825], [-118.5013141, 34.1995782], [-118.5013245, 34.1996351]]]}, "properties": {"tile_id": "103001010C12B000_031311102120_r015_c005", "class": "small-vehicle", "score": 0.587, "long_side_px": 20.9, "heading_deg": 82.2}}, {"type": "Feature", "geometry": {"type": "Polygon", "coordinates": [[[-118.4947412, 34.199977], [-118.494675, 34.1999782], [-118.4946743, 34.1999507], [-118.4947405, 34.1999495], [-118.4947412, 34.199977]]]}, "properties": {"tile_id": "103001010C12B000_031311102120_r015_c007", "class": "small-vehicle", "score": 0.633, "long_side_px": 20.0, "heading_deg": 179.6}}, {"type": "Feature", "geometry": {"type": "Polygon", "coordinates": [[[-118.4946254, 34.2009114], [-118.4945857, 34.2009079], [-118.4945938, 34.2008439], [-118.4946336, 34.2008474], [-118.4946254, 34.2009114]]]}, "properties": {"tile_id": "103001010C12B000_031311102120_r015_c007", "class": "small-vehicle", "score": 0.583, "long_side_px": 23.4, "heading_deg": 96.9}}, {"type": "Feature", "geometry": {"type": "Polygon", "coordinates": [[[-118.4946228, 34.2003144], [-118.4945842, 34.2003125], [-118.4945886, 34.2002501], [-118.4946273, 34.200252], [-118.4946228, 34.2003144]]]}, "properties": {"tile_id": "103001010C12B000_031311102120_r015_c007", "class": "small-vehicle", "score": 0.555, "long_side_px": 22.7, "heading_deg": 94.2}}, {"type": "Feature", "geometry": {"type": "Polygon", "coordinates": [[[-118.4947484, 34.2000694], [-118.4946772, 34.2000751], [-118.4946737, 34.2000454], [-118.4947449, 34.2000397], [-118.4947484, 34.2000694]]]}, "properties": {"tile_id": "103001010C12B000_031311102120_r015_c007", "class": "small-vehicle", "score": 0.551, "long_side_px": 21.6, "heading_deg": 175.3}}, {"type": "Feature", "geometry": {"type": "Polygon", "coordinates": [[[-118.4947479, 34.2001032], [-118.494677, 34.200106], [-118.4946754, 34.2000776], [-118.4947463, 34.2000749], [-118.4947479, 34.2001032]]]}, "properties": {"tile_id": "103001010C12B000_031311102120_r015_c007", "class": "small-vehicle", "score": 0.531, "long_side_px": 21.4, "heading_deg": 178.2}}, {"type": "Feature", "geometry": {"type": "Polygon", "coordinates": [[[-118.4908955, 34.1997607], [-118.4907555, 34.199769], [-118.4907481, 34.1996823], [-118.4908881, 34.1996741], [-118.4908955, 34.1997607]]]}, "properties": {"tile_id": "103001010C12B000_031311102120_r015_c008", "class": "plane", "score": 0.892, "long_side_px": 42.4, "heading_deg": 176.8}}, {"type": "Feature", "geometry": {"type": "Polygon", "coordinates": [[[-118.4908317, 34.1995294], [-118.490695, 34.1995338], [-118.4906911, 34.19945], [-118.4908278, 34.1994456], [-118.4908317, 34.1995294]]]}, "properties": {"tile_id": "103001010C12B000_031311102120_r015_c008", "class": "plane", "score": 0.883, "long_side_px": 41.3, "heading_deg": 178.6}}, {"type": "Feature", "geometry": {"type": "Polygon", "coordinates": [[[-118.4907671, 34.1992185], [-118.4906663, 34.1992252], [-118.4906589, 34.1991484], [-118.4907597, 34.1991418], [-118.4907671, 34.1992185]]]}, "properties": {"tile_id": "103001010C12B000_031311102120_r015_c008", "class": "plane", "score": 0.876, "long_side_px": 30.5, "heading_deg": 176.3}}, {"type": "Feature", "geometry": {"type": "Polygon", "coordinates": [[[-118.4908186, 34.1992767], [-118.4906988, 34.1992661], [-118.4907085, 34.1991908], [-118.4908283, 34.1992014], [-118.4908186, 34.1992767]]]}, "properties": {"tile_id": "103001010C12B000_031311102120_r015_c008", "class": "plane", "score": 0.868, "long_side_px": 36.4, "heading_deg": 6.9}}, {"type": "Feature", "geometry": {"type": "Polygon", "coordinates": [[[-118.4909418, 34.1992838], [-118.4908246, 34.1992876], [-118.490821, 34.1992111], [-118.4909382, 34.1992073], [-118.4909418, 34.1992838]]]}, "properties": {"tile_id": "103001010C12B000_031311102120_r015_c008", "class": "plane", "score": 0.862, "long_side_px": 35.4, "heading_deg": 178.6}}, {"type": "Feature", "geometry": {"type": "Polygon", "coordinates": [[[-118.4907983, 34.1987796], [-118.4906804, 34.1987853], [-118.4906752, 34.1987116], [-118.4907931, 34.1987059], [-118.4907983, 34.1987796]]]}, "properties": {"tile_id": "103001010C12B000_031311102120_r015_c008", "class": "plane", "score": 0.852, "long_side_px": 35.7, "heading_deg": 177.5}}, {"type": "Feature", "geometry": {"type": "Polygon", "coordinates": [[[-118.4907688, 34.1985278], [-118.4906542, 34.1985294], [-118.4906525, 34.1984467], [-118.4907672, 34.1984451], [-118.4907688, 34.1985278]]]}, "properties": {"tile_id": "103001010C12B000_031311102120_r015_c008", "class": "plane", "score": 0.844, "long_side_px": 34.6, "heading_deg": 179.9}}, {"type": "Feature", "geometry": {"type": "Polygon", "coordinates": [[[-118.4908942, 34.1994707], [-118.4907695, 34.1994674], [-118.4907723, 34.1993915], [-118.4908971, 34.1993947], [-118.4908942, 34.1994707]]]}, "properties": {"tile_id": "103001010C12B000_031311102120_r015_c008", "class": "plane", "score": 0.83, "long_side_px": 37.7, "heading_deg": 2.6}}, {"type": "Feature", "geometry": {"type": "Polygon", "coordinates": [[[-118.4908233, 34.1990198], [-118.4906922, 34.199032], [-118.4906819, 34.1989554], [-118.490813, 34.1989432], [-118.4908233, 34.1990198]]]}, "properties": {"tile_id": "103001010C12B000_031311102120_r015_c008", "class": "plane", "score": 0.799, "long_side_px": 39.8, "heading_deg": 174.5}}, {"type": "Feature", "geometry": {"type": "Polygon", "coordinates": [[[-118.490717, 34.1987317], [-118.4906479, 34.1987282], [-118.4906549, 34.1986342], [-118.490724, 34.1986377], [-118.490717, 34.1987317]]]}, "properties": {"tile_id": "103001010C12B000_031311102120_r015_c008", "class": "plane", "score": 0.712, "long_side_px": 34.2, "heading_deg": 94.4}}, {"type": "Feature", "geometry": {"type": "Polygon", "coordinates": [[[-118.4913477, 34.1998619], [-118.4912804, 34.1998615], [-118.4912807, 34.199832], [-118.491348, 34.1998324], [-118.4913477, 34.1998619]]]}, "properties": {"tile_id": "103001010C12B000_031311102120_r015_c008", "class": "small-vehicle", "score": 0.708, "long_side_px": 20.3, "heading_deg": 1.3}}, {"type": "Feature", "geometry": {"type": "Polygon", "coordinates": [[[-118.4913473, 34.1998964], [-118.4912809, 34.1998943], [-118.4912823, 34.1998635], [-118.4913486, 34.1998656], [-118.4913473, 34.1998964]]]}, "properties": {"tile_id": "103001010C12B000_031311102120_r015_c008", "class": "small-vehicle", "score": 0.693, "long_side_px": 20.0, "heading_deg": 3.0}}, {"type": "Feature", "geometry": {"type": "Polygon", "coordinates": [[[-118.4907317, 34.1997761], [-118.4906651, 34.1997741], [-118.49067, 34.1996589], [-118.4907366, 34.1996609], [-118.4907317, 34.1997761]]]}, "properties": {"tile_id": "103001010C12B000_031311102120_r015_c008", "class": "plane", "score": 0.688, "long_side_px": 41.9, "heading_deg": 92.9}}, {"type": "Feature", "geometry": {"type": "Polygon", "coordinates": [[[-118.4917143, 34.2000915], [-118.4916369, 34.2000958], [-118.4916344, 34.2000642], [-118.4917117, 34.2000599], [-118.4917143, 34.2000915]]]}, "properties": {"tile_id": "103001010C12B000_031311102120_r015_c008", "class": "small-vehicle", "score": 0.674, "long_side_px": 23.4, "heading_deg": 177.0}}, {"type": "Feature", "geometry": {"type": "Polygon", "coordinates": [[[-118.4913551, 34.1996872], [-118.4912818, 34.1996895], [-118.4912804, 34.1996585], [-118.4913537, 34.1996562], [-118.4913551, 34.1996872]]]}, "properties": {"tile_id": "103001010C12B000_031311102120_r015_c008", "class": "small-vehicle", "score": 0.674, "long_side_px": 22.2, "heading_deg": 178.7}}, {"type": "Feature", "geometry": {"type": "Polygon", "coordinates": [[[-118.491353, 34.1995592], [-118.4912858, 34.1995656], [-118.4912814, 34.1995333], [-118.4913486, 34.199527], [-118.491353, 34.1995592]]]}, "properties": {"tile_id": "103001010C12B000_031311102120_r015_c008", "class": "small-vehicle", "score": 0.644, "long_side_px": 20.4, "heading_deg": 174.3}}, {"type": "Feature", "geometry": {"type": "Polygon", "coordinates": [[[-118.4916835, 34.2002225], [-118.4916111, 34.2002242], [-118.49161, 34.2001925], [-118.4916825, 34.2001908], [-118.4916835, 34.2002225]]]}, "properties": {"tile_id": "103001010C12B000_031311102120_r015_c008", "class": "small-vehicle", "score": 0.637, "long_side_px": 21.9, "heading_deg": 179.2}}, {"type": "Feature", "geometry": {"type": "Polygon", "coordinates": [[[-118.491353, 34.1997281], [-118.4912808, 34.1997284], [-118.4912806, 34.1996947], [-118.4913527, 34.1996944], [-118.491353, 34.1997281]]]}, "properties": {"tile_id": "103001010C12B000_031311102120_r015_c008", "class": "small-vehicle", "score": 0.6, "long_side_px": 21.8, "heading_deg": 0.5}}, {"type": "Feature", "geometry": {"type": "Polygon", "coordinates": [[[-118.4917763, 34.2003975], [-118.4917039, 34.200405], [-118.4916991, 34.2003731], [-118.4917715, 34.2003656], [-118.4917763, 34.2003975]]]}, "properties": {"tile_id": "103001010C12B000_031311102120_r015_c008", "class": "small-vehicle", "score": 0.58, "long_side_px": 22.0, "heading_deg": 173.8}}, {"type": "Feature", "geometry": {"type": "Polygon", "coordinates": [[[-118.4916815, 34.1998704], [-118.491609, 34.1998749], [-118.4916064, 34.1998457], [-118.4916789, 34.1998412], [-118.4916815, 34.1998704]]]}, "properties": {"tile_id": "103001010C12B000_031311102120_r015_c008", "class": "small-vehicle", "score": 0.557, "long_side_px": 22.0, "heading_deg": 176.6}}, {"type": "Feature", "geometry": {"type": "Polygon", "coordinates": [[[-118.4924757, 34.200002], [-118.4924318, 34.2000002], [-118.4924356, 34.1999339], [-118.4924795, 34.1999356], [-118.4924757, 34.200002]]]}, "properties": {"tile_id": "103001010C12B000_031311102120_r015_c008", "class": "small-vehicle", "score": 0.555, "long_side_px": 24.1, "heading_deg": 93.6}}, {"type": "Feature", "geometry": {"type": "Polygon", "coordinates": [[[-118.4913513, 34.1995998], [-118.4912827, 34.199608], [-118.491278, 34.1995809], [-118.4913466, 34.1995727], [-118.4913513, 34.1995998]]]}, "properties": {"tile_id": "103001010C12B000_031311102120_r015_c008", "class": "small-vehicle", "score": 0.553, "long_side_px": 20.9, "heading_deg": 172.6}}, {"type": "Feature", "geometry": {"type": "Polygon", "coordinates": [[[-118.4913586, 34.1999299], [-118.4912824, 34.1999361], [-118.491279, 34.199907], [-118.4913551, 34.1999008], [-118.4913586, 34.1999299]]]}, "properties": {"tile_id": "103001010C12B000_031311102120_r015_c008", "class": "small-vehicle", "score": 0.551, "long_side_px": 23.1, "heading_deg": 175.3}}, {"type": "Feature", "geometry": {"type": "Polygon", "coordinates": [[[-118.4916706, 34.1991597], [-118.4916056, 34.1991598], [-118.4916055, 34.1991325], [-118.4916705, 34.1991323], [-118.4916706, 34.1991597]]]}, "properties": {"tile_id": "103001010C12B000_031311102120_r015_c008", "class": "small-vehicle", "score": 0.545, "long_side_px": 19.6, "heading_deg": 0.7}}, {"type": "Feature", "geometry": {"type": "Polygon", "coordinates": [[[-118.4881482, 34.1992477], [-118.487784, 34.1992534], [-118.4877765, 34.1989246], [-118.4881407, 34.1989189], [-118.4881482, 34.1992477]]]}, "properties": {"tile_id": "103001010C12B000_031311102120_r015_c009", "class": "plane", "score": 0.952, "long_side_px": 119.5, "heading_deg": 89.8}}, {"type": "Feature", "geometry": {"type": "Polygon", "coordinates": [[[-118.4880591, 34.1988645], [-118.4878133, 34.1988516], [-118.4878277, 34.1986616], [-118.4880735, 34.1986745], [-118.4880591, 34.1988645]]]}, "properties": {"tile_id": "103001010C12B000_031311102120_r015_c009", "class": "plane", "score": 0.92, "long_side_px": 74.4, "heading_deg": 4.4}}, {"type": "Feature", "geometry": {"type": "Polygon", "coordinates": [[[-118.4907004, 34.1997657], [-118.4905707, 34.1997803], [-118.4905506, 34.1996574], [-118.4906803, 34.1996427], [-118.4907004, 34.1997657]]]}, "properties": {"tile_id": "103001010C12B000_031311102120_r015_c009", "class": "plane", "score": 0.911, "long_side_px": 45.1, "heading_deg": 83.1}}, {"type": "Feature", "geometry": {"type": "Polygon", "coordinates": [[[-118.48813, 34.2011162], [-118.487979, 34.2010533], [-118.4880869, 34.2008743], [-118.488238, 34.2009372], [-118.48813, 34.2011162]]]}, "properties": {"tile_id": "103001010C12B000_031311102120_r015_c009", "class": "plane", "score": 0.897, "long_side_px": 72.8, "heading_deg": 117.4}}, {"type": "Feature", "geometry": {"type": "Polygon", "coordinates": [[[-118.4906722, 34.1994643], [-118.4905321, 34.1994731], [-118.4905245, 34.1993898], [-118.4906646, 34.1993809], [-118.4906722, 34.1994643]]]}, "properties": {"tile_id": "103001010C12B000_031311102120_r015_c009", "class": "plane", "score": 0.891, "long_side_px": 42.4, "heading_deg": 176.5}}, {"type": "Feature", "geometry": {"type": "Polygon", "coordinates": [[[-118.4906098, 34.1987427], [-118.4904836, 34.1987496], [-118.490476, 34.1986542], [-118.4906022, 34.1986473], [-118.4906098, 34.1987427]]]}, "properties": {"tile_id": "103001010C12B000_031311102120_r015_c009", "class": "plane", "score": 0.891, "long_side_px": 38.2, "heading_deg": 177.1}}, {"type": "Feature", "geometry": {"type": "Polygon", "coordinates": [[[-118.490643, 34.1992264], [-118.4905083, 34.1992314], [-118.4905037, 34.1991467], [-118.4906384, 34.1991417], [-118.490643, 34.1992264]]]}, "properties": {"tile_id": "103001010C12B000_031311102120_r015_c009", "class": "plane", "score": 0.887, "long_side_px": 40.7, "heading_deg": 178.3}}, {"type": "Feature", "geometry": {"type": "Polygon", "coordinates": [[[-118.4906295, 34.1985269], [-118.4904473, 34.1985387], [-118.4904392, 34.1984519], [-118.4906213, 34.1984401], [-118.4906295, 34.1985269]]]}, "properties": {"tile_id": "103001010C12B000_031311102120_r015_c009", "class": "plane", "score": 0.887, "long_side_px": 55.2, "heading_deg": 176.4}}, {"type": "Feature", "geometry": {"type": "Polygon", "coordinates": [[[-118.4906747, 34.1987257], [-118.4905958, 34.1987313], [-118.4905868, 34.1986443], [-118.4906656, 34.1986386], [-118.4906747, 34.1987257]]]}, "properties": {"tile_id": "103001010C12B000_031311102120_r015_c009", "class": "plane", "score": 0.854, "long_side_px": 31.8, "heading_deg": 85.9}}, {"type": "Feature", "geometry": {"type": "Polygon", "coordinates": [[[-118.4878768, 34.201082], [-118.4877313, 34.2009996], [-118.4878393, 34.2008678], [-118.4879849, 34.2009502], [-118.4878768, 34.201082]]]}, "properties": {"tile_id": "103001010C12B000_031311102120_r015_c009", "class": "plane", "score": 0.839, "long_side_px": 57.9, "heading_deg": 125.1}}, {"type": "Feature", "geometry": {"type": "Polygon", "coordinates": [[[-118.4906814, 34.1992278], [-118.4906358, 34.1992298], [-118.4906302, 34.1991433], [-118.4906758, 34.1991413], [-118.4906814, 34.1992278]]]}, "properties": {"tile_id": "103001010C12B000_031311102120_r015_c009", "class": "plane", "score": 0.582, "long_side_px": 31.5, "heading_deg": 87.8}}, {"type": "Feature", "geometry": {"type": "Polygon", "coordinates": [[[-118.4858041, 34.2010202], [-118.4857654, 34.2010161], [-118.4857742, 34.2009584], [-118.4858129, 34.2009625], [-118.4858041, 34.2010202]]]}, "properties": {"tile_id": "103001010C12B000_031311102120_r015_c010", "class": "small-vehicle", "score": 0.525, "long_side_px": 21.2, "heading_deg": 98.1}}, {"type": "Feature", "geometry": {"type": "Polygon", "coordinates": [[[-118.4833127, 34.1997704], [-118.4831765, 34.1997709], [-118.4831762, 34.1997243], [-118.4833124, 34.1997238], [-118.4833127, 34.1997704]]]}, "properties": {"tile_id": "103001010C12B000_031311102120_r015_c011", "class": "ship", "score": 0.543, "long_side_px": 41.1, "heading_deg": 0.6}}, {"type": "Feature", "geometry": {"type": "Polygon", "coordinates": [[[-118.4704255, 34.201209], [-118.4703557, 34.2012131], [-118.4703529, 34.20118], [-118.4704227, 34.2011759], [-118.4704255, 34.201209]]]}, "properties": {"tile_id": "103001010C12B000_031311102120_r015_c014", "class": "small-vehicle", "score": 0.613, "long_side_px": 21.1, "heading_deg": 176.8}}, {"type": "Feature", "geometry": {"type": "Polygon", "coordinates": [[[-118.4707454, 34.2002142], [-118.4706659, 34.2001829], [-118.4706867, 34.2001463], [-118.4707662, 34.2001776], [-118.4707454, 34.2002142]]]}, "properties": {"tile_id": "103001010C12B000_031311102120_r015_c014", "class": "ship", "score": 0.587, "long_side_px": 26.6, "heading_deg": 26.2}}, {"type": "Feature", "geometry": {"type": "Polygon", "coordinates": [[[-118.4722013, 34.2013191], [-118.4721326, 34.201309], [-118.4721395, 34.2012761], [-118.4722082, 34.2012861], [-118.4722013, 34.2013191]]]}, "properties": {"tile_id": "103001010C12B000_031311102120_r015_c014", "class": "small-vehicle", "score": 0.541, "long_side_px": 21.1, "heading_deg": 10.8}}, {"type": "Feature", "geometry": {"type": "Polygon", "coordinates": [[[-118.4678467, 34.2002979], [-118.4677699, 34.2002982], [-118.4677697, 34.2002672], [-118.4678465, 34.2002669], [-118.4678467, 34.2002979]]]}, "properties": {"tile_id": "103001010C12B000_031311102120_r015_c015", "class": "ship", "score": 0.746, "long_side_px": 23.2, "heading_deg": 0.5}}, {"type": "Feature", "geometry": {"type": "Polygon", "coordinates": [[[-118.4676324, 34.2003007], [-118.4675593, 34.2003046], [-118.4675569, 34.2002736], [-118.46763, 34.2002697], [-118.4676324, 34.2003007]]]}, "properties": {"tile_id": "103001010C12B000_031311102120_r015_c015", "class": "ship", "score": 0.737, "long_side_px": 22.1, "heading_deg": 177.1}}, {"type": "Feature", "geometry": {"type": "Polygon", "coordinates": [[[-118.4678861, 34.2002541], [-118.4678063, 34.2002512], [-118.4678081, 34.2002165], [-118.4678879, 34.2002194], [-118.4678861, 34.2002541]]]}, "properties": {"tile_id": "103001010C12B000_031311102120_r015_c015", "class": "ship", "score": 0.681, "long_side_px": 24.1, "heading_deg": 3.3}}, {"type": "Feature", "geometry": {"type": "Polygon", "coordinates": [[[-118.4678438, 34.2003472], [-118.4677659, 34.2003497], [-118.4677644, 34.200317], [-118.4678423, 34.2003146], [-118.4678438, 34.2003472]]]}, "properties": {"tile_id": "103001010C12B000_031311102120_r015_c015", "class": "ship", "score": 0.674, "long_side_px": 23.5, "heading_deg": 178.7}}, {"type": "Feature", "geometry": {"type": "Polygon", "coordinates": [[[-118.4679518, 34.2002963], [-118.4678912, 34.2003028], [-118.4678865, 34.200273], [-118.4679472, 34.2002665], [-118.4679518, 34.2002963]]]}, "properties": {"tile_id": "103001010C12B000_031311102120_r015_c015", "class": "small-vehicle", "score": 0.557, "long_side_px": 18.5, "heading_deg": 173.5}}, {"type": "Feature", "geometry": {"type": "Polygon", "coordinates": [[[-118.4668311, 34.2004615], [-118.4667506, 34.2004508], [-118.4667566, 34.2004196], [-118.4668371, 34.2004302], [-118.4668311, 34.2004615]]]}, "properties": {"tile_id": "103001010C12B000_031311102120_r015_c016", "class": "small-vehicle", "score": 0.648, "long_side_px": 24.6, "heading_deg": 9.9}}, {"type": "Feature", "geometry": {"type": "Polygon", "coordinates": [[[-118.4656687, 34.2013011], [-118.465547, 34.2013034], [-118.4655459, 34.2012639], [-118.4656676, 34.2012617], [-118.4656687, 34.2013011]]]}, "properties": {"tile_id": "103001010C12B000_031311102120_r015_c016", "class": "ship", "score": 0.613, "long_side_px": 36.8, "heading_deg": 179.5}}, {"type": "Feature", "geometry": {"type": "Polygon", "coordinates": [[[-118.4655594, 34.2012642], [-118.4654753, 34.20127], [-118.4654719, 34.201236], [-118.465556, 34.2012302], [-118.4655594, 34.2012642]]]}, "properties": {"tile_id": "103001010C12B000_031311102120_r015_c016", "class": "ship", "score": 0.566, "long_side_px": 25.5, "heading_deg": 176.1}}, {"type": "Feature", "geometry": {"type": "Polygon", "coordinates": [[[-118.466165, 34.2005918], [-118.466126, 34.2005941], [-118.466121, 34.2005346], [-118.4661599, 34.2005323], [-118.466165, 34.2005918]]]}, "properties": {"tile_id": "103001010C12B000_031311102120_r015_c016", "class": "small-vehicle", "score": 0.545, "long_side_px": 21.7, "heading_deg": 86.8}}, {"type": "Feature", "geometry": {"type": "Polygon", "coordinates": [[[-118.465684, 34.2012652], [-118.4656042, 34.2012657], [-118.4656039, 34.2012319], [-118.4656838, 34.2012314], [-118.465684, 34.2012652]]]}, "properties": {"tile_id": "103001010C12B000_031311102120_r015_c016", "class": "ship", "score": 0.535, "long_side_px": 24.1, "heading_deg": 0.4}}, {"type": "Feature", "geometry": {"type": "Polygon", "coordinates": [[[-118.5162911, 34.1970716], [-118.516255, 34.1970706], [-118.5162577, 34.1970059], [-118.5162938, 34.1970069], [-118.5162911, 34.1970716]]]}, "properties": {"tile_id": "103001010C12B000_031311102120_r016_c001", "class": "small-vehicle", "score": 0.557, "long_side_px": 23.5, "heading_deg": 92.9}}, {"type": "Feature", "geometry": {"type": "Polygon", "coordinates": [[[-118.5071708, 34.1963657], [-118.507103, 34.1963649], [-118.5071034, 34.1963381], [-118.5071713, 34.1963389], [-118.5071708, 34.1963657]]]}, "properties": {"tile_id": "103001010C12B000_031311102120_r016_c004", "class": "small-vehicle", "score": 0.557, "long_side_px": 20.5, "heading_deg": 1.7}}, {"type": "Feature", "geometry": {"type": "Polygon", "coordinates": [[[-118.5010517, 34.1973904], [-118.5010108, 34.1973911], [-118.5010093, 34.1973276], [-118.5010503, 34.197327], [-118.5010517, 34.1973904]]]}, "properties": {"tile_id": "103001010C12B000_031311102120_r016_c005", "class": "small-vehicle", "score": 0.611, "long_side_px": 23.1, "heading_deg": 89.8}}, {"type": "Feature", "geometry": {"type": "Polygon", "coordinates": [[[-118.5021608, 34.197896], [-118.5020985, 34.1979082], [-118.5020917, 34.197884], [-118.502154, 34.1978718], [-118.5021608, 34.197896]]]}, "properties": {"tile_id": "103001010C12B000_031311102120_r016_c005", "class": "small-vehicle", "score": 0.537, "long_side_px": 19.3, "heading_deg": 167.6}}, {"type": "Feature", "geometry": {"type": "Polygon", "coordinates": [[[-118.5021619, 34.1971638], [-118.5020894, 34.1971616], [-118.5020908, 34.1971312], [-118.5021632, 34.1971333], [-118.5021619, 34.1971638]]]}, "properties": {"tile_id": "103001010C12B000_031311102120_r016_c005", "class": "small-vehicle", "score": 0.531, "long_side_px": 21.9, "heading_deg": 2.9}}, {"type": "Feature", "geometry": {"type": "Polygon", "coordinates": [[[-118.4992948, 34.1975739], [-118.4992187, 34.1975826], [-118.4992132, 34.1975495], [-118.4992893, 34.1975408], [-118.4992948, 34.1975739]]]}, "properties": {"tile_id": "103001010C12B000_031311102120_r016_c006", "class": "ship", "score": 0.551, "long_side_px": 23.2, "heading_deg": 173.0}}, {"type": "Feature", "geometry": {"type": "Polygon", "coordinates": [[[-118.4956713, 34.1967547], [-118.4956335, 34.1967479], [-118.4956499, 34.1966842], [-118.4956877, 34.196691], [-118.4956713, 34.1967547]]]}, "properties": {"tile_id": "103001010C12B000_031311102120_r016_c007", "class": "small-vehicle", "score": 0.535, "long_side_px": 23.7, "heading_deg": 103.0}}, {"type": "Feature", "geometry": {"type": "Polygon", "coordinates": [[[-118.4969557, 34.1963544], [-118.4969172, 34.1963494], [-118.4969289, 34.1962881], [-118.4969674, 34.1962932], [-118.4969557, 34.1963544]]]}, "properties": {"tile_id": "103001010C12B000_031311102120_r016_c007", "class": "small-vehicle", "score": 0.527, "long_side_px": 22.5, "heading_deg": 99.9}}, {"type": "Feature", "geometry": {"type": "Polygon", "coordinates": [[[-118.4908241, 34.1973212], [-118.4907235, 34.1973235], [-118.49072, 34.1972205], [-118.4908206, 34.1972182], [-118.4908241, 34.1973212]]]}, "properties": {"tile_id": "103001010C12B000_031311102120_r016_c008", "class": "plane", "score": 0.882, "long_side_px": 37.4, "heading_deg": 89.2}}, {"type": "Feature", "geometry": {"type": "Polygon", "coordinates": [[[-118.4908298, 34.1972174], [-118.4907307, 34.197211], [-118.4907403, 34.197108], [-118.4908394, 34.1971143], [-118.4908298, 34.1972174]]]}, "properties": {"tile_id": "103001010C12B000_031311102120_r016_c008", "class": "plane", "score": 0.88, "long_side_px": 37.6, "heading_deg": 95.2}}, {"type": "Feature", "geometry": {"type": "Polygon", "coordinates": [[[-118.4908535, 34.1968719], [-118.4907148, 34.1968697], [-118.4907175, 34.1967517], [-118.4908562, 34.1967539], [-118.4908535, 34.1968719]]]}, "properties": {"tile_id": "103001010C12B000_031311102120_r016_c008", "class": "plane", "score": 0.88, "long_side_px": 42.9, "heading_deg": 91.9}}, {"type": "Feature", "geometry": {"type": "Polygon", "coordinates": [[[-118.4908444, 34.1974311], [-118.4907396, 34.1974372], [-118.49073, 34.1973235], [-118.4908348, 34.1973174], [-118.4908444, 34.1974311]]]}, "properties": {"tile_id": "103001010C12B000_031311102120_r016_c008", "class": "plane", "score": 0.877, "long_side_px": 41.4, "heading_deg": 86.8}}, {"type": "Feature", "geometry": {"type": "Polygon", "coordinates": [[[-118.4908324, 34.1970699], [-118.4907217, 34.1970561], [-118.4907422, 34.196943], [-118.4908528, 34.1969568], [-118.4908324, 34.1970699]]]}, "properties": {"tile_id": "103001010C12B000_031311102120_r016_c008", "class": "plane", "score": 0.875, "long_side_px": 41.6, "heading_deg": 99.4}}, {"type": "Feature", "geometry": {"type": "Polygon", "coordinates": [[[-118.49162, 34.1967652], [-118.4915216, 34.1967638], [-118.4915238, 34.1966522], [-118.4916222, 34.1966536], [-118.49162, 34.1967652]]]}, "properties": {"tile_id": "103001010C12B000_031311102120_r016_c008", "class": "plane", "score": 0.621, "long_side_px": 40.6, "heading_deg": 91.8}}, {"type": "Feature", "geometry": {"type": "Polygon", "coordinates": [[[-118.4880144, 34.1983076], [-118.4877715, 34.1981914], [-118.4879525, 34.1979303], [-118.4881953, 34.1980465], [-118.4880144, 34.1983076]]]}, "properties": {"tile_id": "103001010C12B000_031311102120_r016_c009", "class": "plane", "score": 0.938, "long_side_px": 109.5, "heading_deg": 120.8}}, {"type": "Feature", "geometry": {"type": "Polygon", "coordinates": [[[-118.4883567, 34.1968677], [-118.4880859, 34.1969141], [-118.4880193, 34.1966456], [-118.4882901, 34.1965992], [-118.4883567, 34.1968677]]]}, "properties": {"tile_id": "103001010C12B000_031311102120_r016_c009", "class": "plane", "score": 0.925, "long_side_px": 99.6, "heading_deg": 79.2}}, {"type": "Feature", "geometry": {"type": "Polygon", "coordinates": [[[-118.4876905, 34.1965053], [-118.4874899, 34.1965615], [-118.4874194, 34.1963877], [-118.48762, 34.1963315], [-118.4876905, 34.1965053]]]}, "properties": {"tile_id": "103001010C12B000_031311102120_r016_c009", "class": "plane", "score": 0.922, "long_side_px": 66.6, "heading_deg": 72.2}}, {"type": "Feature", "geometry": {"type": "Polygon", "coordinates": [[[-118.4875723, 34.1975077], [-118.4873942, 34.1974284], [-118.4874753, 34.1973027], [-118.4876533, 34.1973821], [-118.4875723, 34.1975077]]]}, "properties": {"tile_id": "103001010C12B000_031311102120_r016_c009", "class": "plane", "score": 0.916, "long_side_px": 61.0, "heading_deg": 29.0}}, {"type": "Feature", "geometry": {"type": "Polygon", "coordinates": [[[-118.4878826, 34.1968851], [-118.4876869, 34.1970304], [-118.4875275, 34.1968821], [-118.4877232, 34.1967368], [-118.4878826, 34.1968851]]]}, "properties": {"tile_id": "103001010C12B000_031311102120_r016_c009", "class": "plane", "score": 0.911, "long_side_px": 79.2, "heading_deg": 139.1}}, {"type": "Feature", "geometry": {"type": "Polygon", "coordinates": [[[-118.4874987, 34.1967328], [-118.4872904, 34.1967162], [-118.4873129, 34.1965215], [-118.4875212, 34.1965382], [-118.4874987, 34.1967328]]]}, "properties": {"tile_id": "103001010C12B000_031311102120_r016_c009", "class": "plane", "score": 0.91, "long_side_px": 71.1, "heading_deg": 96.3}}, {"type": "Feature", "geometry": {"type": "Polygon", "coordinates": [[[-118.4876827, 34.196762], [-118.4875484, 34.1968388], [-118.4874407, 34.1967088], [-118.487575, 34.1966319], [-118.4876827, 34.196762]]]}, "properties": {"tile_id": "103001010C12B000_031311102120_r016_c009", "class": "plane", "score": 0.905, "long_side_px": 57.4, "heading_deg": 56.3}}, {"type": "Feature", "geometry": {"type": "Polygon", "coordinates": [[[-118.4876389, 34.1970217], [-118.4875204, 34.1971152], [-118.4873849, 34.1969965], [-118.4875033, 34.1969031], [-118.4876389, 34.1970217]]]}, "properties": {"tile_id": "103001010C12B000_031311102120_r016_c009", "class": "plane", "score": 0.896, "long_side_px": 59.5, "heading_deg": 47.3}}, {"type": "Feature", "geometry": {"type": "Polygon", "coordinates": [[[-118.4876469, 34.1971562], [-118.4874962, 34.1972522], [-118.4873748, 34.1971207], [-118.4875255, 34.1970247], [-118.4876469, 34.1971562]]]}, "properties": {"tile_id": "103001010C12B000_031311102120_r016_c009", "class": "plane", "score": 0.894, "long_side_px": 60.2, "heading_deg": 53.4}}, {"type": "Feature", "geometry": {"type": "Polygon", "coordinates": [[[-118.4875655, 34.1979354], [-118.487372, 34.197831], [-118.4874864, 34.1976847], [-118.4876799, 34.1977892], [-118.4875655, 34.1979354]]]}, "properties": {"tile_id": "103001010C12B000_031311102120_r016_c009", "class": "plane", "score": 0.885, "long_side_px": 69.7, "heading_deg": 33.9}}, {"type": "Feature", "geometry": {"type": "Polygon", "coordinates": [[[-118.487856, 34.1970358], [-118.4876796, 34.1971488], [-118.4875288, 34.1969863], [-118.4877052, 34.1968733], [-118.487856, 34.1970358]]]}, "properties": {"tile_id": "103001010C12B000_031311102120_r016_c009", "class": "plane", "score": 0.865, "long_side_px": 74.6, "heading_deg": 53.2}}, {"type": "Feature", "geometry": {"type": "Polygon", "coordinates": [[[-118.4906121, 34.1968391], [-118.4904689, 34.196846], [-118.4904626, 34.1967547], [-118.4906058, 34.1967479], [-118.4906121, 34.1968391]]]}, "properties": {"tile_id": "103001010C12B000_031311102120_r016_c009", "class": "plane", "score": 0.857, "long_side_px": 43.3, "heading_deg": 177.6}}, {"type": "Feature", "geometry": {"type": "Polygon", "coordinates": [[[-118.490566, 34.1982769], [-118.4904373, 34.19829], [-118.4904246, 34.1982034], [-118.4905532, 34.1981903], [-118.490566, 34.1982769]]]}, "properties": {"tile_id": "103001010C12B000_031311102120_r016_c009", "class": "plane", "score": 0.85, "long_side_px": 39.1, "heading_deg": 173.9}}, {"type": "Feature", "geometry": {"type": "Polygon", "coordinates": [[[-118.4876896, 34.1962263], [-118.487436, 34.1962151], [-118.4874487, 34.1960169], [-118.4877023, 34.1960281], [-118.4876896, 34.1962263]]]}, "properties": {"tile_id": "103001010C12B000_031311102120_r016_c009", "class": "plane", "score": 0.848, "long_side_px": 76.7, "heading_deg": 3.9}}, {"type": "Feature", "geometry": {"type": "Polygon", "coordinates": [[[-118.4874992, 34.1961433], [-118.487361, 34.1960723], [-118.4874348, 34.195973], [-118.487573, 34.196044], [-118.4874992, 34.1961433]]]}, "properties": {"tile_id": "103001010C12B000_031311102120_r016_c009", "class": "plane", "score": 0.773, "long_side_px": 49.1, "heading_deg": 32.6}}, {"type": "Feature", "geometry": {"type": "Polygon", "coordinates": [[[-118.4905344, 34.1980758], [-118.4903942, 34.1980806], [-118.4903899, 34.1979939], [-118.4905301, 34.1979891], [-118.4905344, 34.1980758]]]}, "properties": {"tile_id": "103001010C12B000_031311102120_r016_c009", "class": "plane", "score": 0.71, "long_side_px": 42.4, "heading_deg": 178.5}}, {"type": "Feature", "geometry": {"type": "Polygon", "coordinates": [[[-118.4906638, 34.1981133], [-118.4905852, 34.1981209], [-118.4905732, 34.1980352], [-118.4906518, 34.1980276], [-118.4906638, 34.1981133]]]}, "properties": {"tile_id": "103001010C12B000_031311102120_r016_c009", "class": "plane", "score": 0.604, "long_side_px": 31.3, "heading_deg": 84.2}}, {"type": "Feature", "geometry": {"type": "Polygon", "coordinates": [[[-118.4906238, 34.1980867], [-118.4904959, 34.1980856], [-118.4904971, 34.1979922], [-118.490625, 34.1979934], [-118.4906238, 34.1980867]]]}, "properties": {"tile_id": "103001010C12B000_031311102120_r016_c009", "class": "plane", "score": 0.543, "long_side_px": 38.6, "heading_deg": 1.4}}, {"type": "Feature", "geometry": {"type": "Polygon", "coordinates": [[[-118.4906611, 34.1983027], [-118.4905448, 34.198304], [-118.490543, 34.1981976], [-118.4906593, 34.1981962], [-118.4906611, 34.1983027]]]}, "properties": {"tile_id": "103001010C12B000_031311102120_r016_c009", "class": "plane", "score": 0.543, "long_side_px": 38.7, "heading_deg": 90.0}}, {"type": "Feature", "geometry": {"type": "Polygon", "coordinates": [[[-118.483736, 34.1962225], [-118.4836977, 34.1962197], [-118.4837053, 34.1961497], [-118.4837436, 34.1961525], [-118.483736, 34.1962225]]]}, "properties": {"tile_id": "103001010C12B000_031311102120_r016_c011", "class": "small-vehicle", "score": 0.71, "long_side_px": 25.5, "heading_deg": 96.0}}, {"type": "Feature", "geometry": {"type": "Polygon", "coordinates": [[[-118.483687, 34.1959413], [-118.4836488, 34.1959389], [-118.4836544, 34.1958789], [-118.4836926, 34.1958814], [-118.483687, 34.1959413]]]}, "properties": {"tile_id": "103001010C12B000_031311102120_r016_c011", "class": "small-vehicle", "score": 0.699, "long_side_px": 21.9, "heading_deg": 95.3}}, {"type": "Feature", "geometry": {"type": "Polygon", "coordinates": [[[-118.4837877, 34.1970093], [-118.4837451, 34.1970106], [-118.4837419, 34.1969442], [-118.4837846, 34.1969428], [-118.4837877, 34.1970093]]]}, "properties": {"tile_id": "103001010C12B000_031311102120_r016_c011", "class": "small-vehicle", "score": 0.67, "long_side_px": 24.2, "heading_deg": 88.6}}, {"type": "Feature", "geometry": {"type": "Polygon", "coordinates": [[[-118.483697, 34.196112], [-118.4836608, 34.1961126], [-118.4836593, 34.1960465], [-118.4836954, 34.1960459], [-118.483697, 34.196112]]]}, "properties": {"tile_id": "103001010C12B000_031311102120_r016_c011", "class": "small-vehicle", "score": 0.635, "long_side_px": 24.0, "heading_deg": 89.7}}, {"type": "Feature", "geometry": {"type": "Polygon", "coordinates": [[[-118.4837276, 34.1973659], [-118.4836863, 34.1973638], [-118.483691, 34.1973003], [-118.4837323, 34.1973024], [-118.4837276, 34.1973659]]]}, "properties": {"tile_id": "103001010C12B000_031311102120_r016_c011", "class": "small-vehicle", "score": 0.633, "long_side_px": 23.1, "heading_deg": 94.3}}, {"type": "Feature", "geometry": {"type": "Polygon", "coordinates": [[[-118.4807203, 34.1975845], [-118.4806551, 34.1975899], [-118.4806517, 34.1975621], [-118.4807169, 34.1975566], [-118.4807203, 34.1975845]]]}, "properties": {"tile_id": "103001010C12B000_031311102120_r016_c011", "class": "small-vehicle", "score": 0.609, "long_side_px": 19.8, "heading_deg": 175.1}}, {"type": "Feature", "geometry": {"type": "Polygon", "coordinates": [[[-118.4808485, 34.1975891], [-118.4807804, 34.1975967], [-118.4807753, 34.1975654], [-118.4808434, 34.1975578], [-118.4808485, 34.1975891]]]}, "properties": {"tile_id": "103001010C12B000_031311102120_r016_c011", "class": "small-vehicle", "score": 0.583, "long_side_px": 20.8, "heading_deg": 173.2}}, {"type": "Feature", "geometry": {"type": "Polygon", "coordinates": [[[-118.4837753, 34.1959268], [-118.4837397, 34.1959242], [-118.4837457, 34.1958666], [-118.4837813, 34.1958691], [-118.4837753, 34.1959268]]]}, "properties": {"tile_id": "103001010C12B000_031311102120_r016_c011", "class": "small-vehicle", "score": 0.553, "long_side_px": 21.0, "heading_deg": 95.8}}, {"type": "Feature", "geometry": {"type": "Polygon", "coordinates": [[[-118.4836297, 34.1981054], [-118.4835967, 34.1981059], [-118.4835956, 34.1980533], [-118.4836286, 34.1980528], [-118.4836297, 34.1981054]]]}, "properties": {"tile_id": "103001010C12B000_031311102120_r016_c011", "class": "small-vehicle", "score": 0.535, "long_side_px": 19.1, "heading_deg": 89.9}}], "properties": {"model": {"model": "YoloObbDetectionModel", "weights": "C:\\Users\\Prash\\Downloads\\SIH 2026\\geoseek\\data\\models\\detector\\geoseek_obb_v15_yolo26s.pt", "weights_sha256": "67f617170b608dd1541d63f4aedbd3b4752cbda9f67702e0d63f4aaaae31e113", "architecture": {"family": "Ultralytics YOLO26s-OBB", "head": "OBB26", "n_params": 10526414, "input": "RGB, 1024x1024 (larger inputs are windowed with 200 px overlap)", "dual_head": "one-to-many (NMS) + one-to-one (NMS-free); inference here uses the NMS path (better on dense scenes: monitor mAP50 0.821 vs 0.810 for the NMS-free head at epoch 0)", "ultralytics_version_trained_with": "8.4.152", "torch": "2.2.2"}, "classes": ["small-vehicle", "large-vehicle", "ship", "plane", "helicopter", "storage-tank", "harbor", "bridge"], "min_score_default": 0.525, "nms_iou": 0.7, "max_det": 1000, "imgsz": 1024}, "observation_id": "103001010C12B000_031311102120"}}